x,t
3.1284449468035676,0.40679191042634855
5.322604194535282,0.3110437544564387
0.18760971864192305,0.009441012348890165
2.635499141918674,0.557237878634896
1.6432382466880546,0.24305678310401557
2.4440829104095085,0.8998405942617875
3.6642395355963666,0.32166498542201505
0.24867581353926757,0.5984947874950769
3.5529133901239534,0.26382168465204625
2.0318473220691007,0.9614853998304782
3.07668952374407,0.9988028132483097
1.9258935771852788,0.15236393237977164
1.723916909682245,0.29637768139020293
3.3470130933532816,0.443071555807815
5.5931853178874436,0.04518410746824675
0.10509482927654358,0.9637413762110396
2.0567230485793413,0.47003306121443533
4.182003391832695,0.5949624336012188
2.3247464489158687,0.5762769005834543
0.6608479538758117,0.9562583059633087
2.84909695962119,0.5489007118923129
3.4810930186118982,0.4491341713612884
3.4666188144437595,0.6104052672083582
0.13561745495127978,0.7819296325590045
5.726062722011505,0.215235603983295
1.0422894665815572,0.4089983041049765
1.5623601229140955,0.844584064548395
0.12498597566309773,0.7594836434492835
5.58268521359506,0.3309407441720742
4.330121526025634,0.8292244283831202
1.9425778501708346,0.7791165662314598
4.78184257638537,0.5000152048678596
5.248913240358379,0.7785952396700413
1.9940716227609023,0.9140809161412987
5.5600292572199645,0.12030071104498385
0.277349383793268,0.09298670053917679
2.0178367227977874,0.7107089886635203
2.6681532513314843,0.6481047771150663
0.03167678958208553,0.625172176286806
0.984845437676029,0.5914410113754899
4.563020656381408,0.7376886437541513
3.6266902185989442,0.7898296493716145
3.9817590868629416,0.8465219802543342
3.0647768618457754,0.4912941459772443
2.204774380467839,0.5555941082489447
2.516057883248611,0.5572686369264631
2.5880913291827032,0.3969300495986634
0.9989636252624773,0.5892513459751756
2.4062094869943675,0.3531230610564994
2.314712512182014,0.3538227402245462
3.527297062265952,0.7232529398058163
0.2063698849279788,0.20471091067219038
5.940553658610455,0.28158291895118814
3.3322882883767604,0.07147053973305517
5.08817498111048,0.3820345297389266
2.992155175790733,0.7134016742725754
1.3689766280719766,0.8388774988582427
1.0617724876729835,0.5516129406516863
0.15387240718402054,0.6065668029607617
6.0811338220839195,0.4707941350812004
4.80842453714566,0.6637980656199048
4.877212505106663,0.10439787032891112
0.692441216015459,0.5647794825263838
1.075565038886772,0.6170373117548699
4.927066313929423,0.36227155267651046
4.289634187347627,0.873366944997231
3.5950810326800076,0.3124778988322493
1.971786265338756,0.045690425099236376
1.6304121388738682,0.37037268477934815
0.8713247219176601,0.6904186181895103
0.5075163170368786,0.6480064715109322
4.685714067066272,0.6681410725652734
0.09692910144946694,0.7478157101188412
0.19169433128371552,0.04427146278536975
3.6658936752323172,0.6103257264366053
5.586913588051296,0.10911148225104272
1.0887236697008067,0.12716857720139707
3.282347373027831,0.1468654274570328
5.323745206412543,0.8315313727383289
2.519256615912013,0.31540079442759195
4.18052175290507,0.39530803857338914
5.962166652477378,0.2911607054083988
0.8193742274260791,0.3375620612008966
5.561970953079385,0.3216063168782919
2.623282851912774,0.2146581497257447
0.6562244297720796,0.18772163186170499
0.07151220011252656,0.7642434403221783
0.7694638145730798,0.12844771192675675
5.973364480944357,0.009429797883793944
4.600784092623122,0.12174348881248165
0.3926206692724502,0.2844206801066972
0.15553941836872187,0.8460419465612375
5.175853211128332,0.0338861568827461
1.6749384165876235,0.9002086789383544
6.212926372437982,0.058553388311369914
2.3444803222060693,0.8925642395520577
3.831038873448105,0.5373865486352901
4.546105309021774,0.9369822833282867
5.3888041934891,0.5290394038306578
1.8836080080436368,0.33325779596645133
1.8708077191857946,0.4992220863137883
1.6863603874264457,0.47079417242204546
4.851680506253458,0.5005251941830591
0.9490871802588192,0.767504175386381
1.9177371198558533,0.5197093798347713
4.813625278604042,0.44894996106298257
5.994506580087297,0.7796723611572518
4.183354371128075,0.24467305495215896
0.2454456794545092,0.17297190056079448
6.019251099232021,0.4658876123418042
0.9875023794813932,0.18436932269383477
2.08721150278937,0.7845148500782091
3.455757633996256,0.2378961063679319
3.4075553887222245,0.5152738041884913
3.5819792800658483,0.28654887238172555
3.7486315063705713,0.619342217087961
0.501169445421285,0.33551309999409995
5.803754546235719,0.3239336378552591
4.0404846321374555,0.31146129339401907
5.56488274858659,0.8935256319748064
6.1922155235977,0.9060943774865342
5.525451596779865,0.5056931214838749
3.631144728710036,0.18395051748506297
3.8524049769700692,0.4689766492778894
5.063263839040671,0.12419144773560442
2.1039212671945804,0.963662079894785
5.603922376242547,0.3891317138735657
4.8306468523815385,0.47417672632199626
4.281793541369766,0.829265868138187
1.7969369542674172,0.8996361518837431
4.818769620069768,0.07994550053073335
2.7626533706169423,0.11800304894367075
5.155383278446622,0.40153860561130905
2.1900712129727866,0.06811780127124534
4.712327570046206,0.662450464938632
2.0099000081859097,0.7571880239509104
0.31723068876809635,0.9367230744056373
4.083004053016759,0.3868340604388205
5.764567534797752,0.8221232692091106
5.598911145780936,0.7316382269630081
1.7558903599884208,0.538064486897424
1.9142208673597711,0.21992222548560414
4.835981247117476,0.7898514860576215
5.499184657532233,0.7674011399306082
0.6696150188398576,0.6807769463212442
2.298312822303734,0.753159061665734
6.239972828616517,0.7893144688028635
5.89875982874265,0.1019885126059018
1.6852805332087528,0.9169446060423594
0.9473042582259651,0.4801729312311487
3.512590230630411,0.8471779382670213
4.627568956106975,0.16412078820948006
1.0236012107644807,0.8215413214770573
4.0885794416519206,0.847346641004019
6.2512284472388435,0.48893119134421414
0.9141364656382188,0.9586341095019972
5.817674291023425,0.5763836216102413
1.2734934985223332,0.8653650503049839
0.6284268324235196,0.9681647291871979
0.5666308231488775,0.8966363969213563
1.1232035110010328,0.7301038829634329
2.394773561274849,0.2896132345363778
3.4521739729160963,0.06586715019304867
1.097948292849319,0.49308195182585257
3.55312845597847,0.22559715734577468
5.951598443699465,0.4903930570221101
2.339098421213339,0.9870836728495384
2.6829793875171313,0.37027806055611145
2.425244152656016,0.6041109778994472
4.4827803236749215,0.5373964028991781
1.787030651600582,0.5383460587754333
2.5406821186977644,0.3024927920790562
0.9749647434743559,0.8178468309707327
0.5870003371736224,0.09852819298946058
5.561179758314816,0.1704697704810335
4.48915631186759,0.6714637250704564
3.306398352968055,0.3007951240458223
4.955203532047037,0.945473444508523
2.0376966978415396,0.7997539379291995
0.3646613662942291,0.7594947101181355
2.9855449803162273,0.20202516071400378
5.8050583263324205,0.44420168520676084
6.272710245854851,0.3444274582910598
1.0028011980610239,0.04397142442434976
5.079634773672457,0.28735945307532473
2.508733215194151,0.335901884397626
1.1705316247976363,0.057195021927596956
3.0981225201178875,0.5469922723384769
5.514414862564886,0.8467813465271868
5.6395342481124375,0.810994185095574
3.6996813870112395,0.5014342801396572
1.015405894979312,0.33026528957095513
4.145003577848287,0.08978114509017843
0.6346439022759013,0.6515624357123839
1.7301128080733037,0.7457758812046897
3.9500301010049963,0.8804223861074026
2.9658708559538614,0.34659205285321304
1.7962303061136395,0.03618975782071798
1.1242512604783093,0.0009102219031960068
3.645641557275808,0.15805280880339645
0.005988663588382386,0.13868312291426443
0.8636632485050877,0.10955685868854492
1.3709143791550296,0.5367914486972957
3.699530867935612,0.13798406001032537
5.658583780304479,0.6389431832137118
0.24944826075632578,0.06420528233921152
2.1189433283908783,0.048033222195529524
4.2362428258643465,0.11322924690975444
1.1425670268303245,0.16159601111222732
0.3473246468123408,0.5873668993789138
4.618413268028402,0.07974979750646904
2.8962669043383933,0.2747204660741822
4.275515700051457,0.2567812462667429
2.5690858855271013,0.25551602548367347
2.8840606684304975,0.047594510681564506
4.434647703632278,0.21806570506510192
3.2151692254905413,0.474878102924842
5.1965566218158985,0.8310362739329329
2.634654658486026,0.42237616627666896
5.906741096492135,0.8823992996915381
0.2978543264019355,0.12069235548465573
0.4473248882784037,0.0487429155858603
0.24085170806118084,0.20486894458697047
2.808430691899715,0.029859080895578094
6.188547542135962,0.7893190864578582
1.6199394767993314,0.6961646608763754
5.039254347291249,0.06103198641357077
2.6107887255405595,0.9534063859316275
2.4754971296169965,0.4573819551080067
2.272535927382695,0.9152250973451876
3.2148819657513914,0.10226037415815237
0.03997313303054416,0.4629533239211695
3.7405962711239362,0.6362850594502317
1.583567336930136,0.7284215724717003
4.612728759980942,0.44758010044259444
1.4097221960825892,0.19250158018282948
1.6308603050129942,0.5100707613796078
4.8470495588379885,0.8686371132781302
1.8200484616716284,0.7306524629889259
2.583286680990842,0.3687347752226272
0.02772373598918966,0.9197597357270788
4.310087385141608,0.4280869406050548
6.07664723724493,0.482507986900642
3.4198027165065947,0.6956560415837829
0.7075562491408319,0.9395084754366968
3.043775915424955,0.60391298777439
5.094874355360956,0.05468309553528028
1.2425583021891073,0.4534135021926876
2.190387071147895,0.15064378099540043
4.2198994245638515,0.1810966934019279
5.436148930799671,0.05176021780638773
2.6612095881878353,0.8216116632060946
4.908174351412503,0.267133452074775
2.594508794657074,0.09097653193237254
4.416677776040173,0.2129411641752722
6.187168105569415,0.8269723797404445
4.232437466650196,0.9589994570094555
1.5723082070587797,0.7156132033746585
0.23870968795474465,0.04782361153052628
0.7983840997615077,0.32992508909748286
1.1994019746635354,0.12626302577983994
5.61833920706534,0.10873663168115466
3.868965285673207,0.2523717995434067
0.6877538884525375,0.34986640325875773
4.1829652128058425,0.5395797871043712
4.887192222269891,0.6494951971192998
4.79598684752827,0.9905215640182238
5.087909771614179,0.23151853996255667
4.798058041208897,0.5732633117848065
5.329470725040195,0.9953128732932865
4.451960272700277,0.4517428344926203
3.2361182687483026,0.17062714391911304
2.884498567281665,0.6412420477129582
5.888289096888275,0.28344523111626463
4.069263231466865,0.24137958216919608
2.678503237928604,0.05708876057046752
3.382131029136583,0.6535393549874038
6.074966926826788,0.9570276114973447
3.735842929440603,0.6832221058168095
4.739717621125921,0.1301186038541675
2.3733641846699562,0.9379999296585588
1.6515134001000846,0.1673599342809302
2.4773661228182227,0.3403823952451197
5.849261250582577,0.20729728878134246
1.830723467802426,0.7954672703578899
0.3179267233657974,0.6348296519186768
1.2423712068642365,0.6524659379966199
2.2333536107315703,0.4509000622419972
2.1341399046671636,0.6720062675929317
5.519110777775668,0.4525481225137311
2.3045191974285,0.5898554939262115
4.003019609502969,0.9019118439244357
1.6602217785942552,0.9656659826595696
2.1749907814332285,0.05125414818177587
4.538675344498779,0.3129243198282642
2.298144100142025,0.5056401743553561
6.227141617847267,0.7483180899921986
6.048822312739808,0.29489632547532907
2.791727101177152,0.12479781255340427
2.027638567467641,0.29434359270142196
0.9374758432331706,0.22332050614049237
2.8029732215614627,0.4023624573140424
4.43530005178113,0.35376323592783054
4.754018193669859,0.3682029332552694
2.7143339287762114,0.4772129003718393
6.241784165123431,0.2746701345243864
3.6773899925592404,0.7405397034450348
2.165367606879883,0.42682800410229016
4.093461187750256,0.7381003816057273
5.429603345713679,0.7634773472129313
3.6065136918909286,0.00965006084829323
1.9717350772395006,0.9381056910265132
2.871182550907759,0.9893706163313429
4.081680627429439,0.6996934344160427
2.8146360144354117,0.21732749680074437
1.2754072791646358,0.4744913799567052
2.1923366063964287,0.5947529479140438
3.7268400043000804,0.4976406961738651
3.787600494058566,0.25033242480296036
4.307949919058815,0.07486717935780696
2.2076078284176326,0.7176861335606349
4.914317550285217,0.3332206144815567
4.679911188203494,0.41253917105124793
5.428841372907223,0.5400852183000752
1.654645058733734,0.2112854015909872
5.877338133375678,0.43312763322789305
0.17016117368700964,0.6669380072998228
4.865391660486924,0.30219730448254456
4.542058719529133,0.9910031899195062
2.3839057876440997,0.987494759196893
1.01475216054897,0.45520779504479136
5.4949119434603135,0.9951464317187352
4.287785643941941,0.595221827894729
3.5577911052119893,0.6686520871515473
3.5259916453558238,0.9427538583726381
5.544274100939528,0.5064618652025946
2.7846578750486994,0.5223831286951846
3.493693879685653,0.35851305390610777
4.265645247421299,0.714501041717125
5.464156595098736,0.12300003179482233
3.8894099936306508,0.2791008394042821
3.231225602584922,0.5928609717711353
1.4898697811608073,0.6430784865711904
0.568537306623127,0.3800621959548178
0.26704305433157943,0.3364393484982252
4.719717267418076,0.09123209988884051
0.30873349959440294,0.8612639941175201
1.8360089426071324,0.5517120447076103
1.5781343293729038,0.7881356356555367
0.7207991224619479,0.3877913847799451
0.1405193586082772,0.11301416184203361
1.3651025771646337,0.2645502545586217
1.1819896250417639,0.15405193045122445
5.334730527672029,0.6289606282758355
1.045943989812609,0.5539144162953512
1.6017932333778964,0.13698803385269764
5.846199931735187,0.2540032662282391
3.271067640377613,0.2361290530265301
1.9964257831958576,0.21717906050214897
3.626455854429542,0.972118340165153
2.604396268838564,0.1559961426344032
4.6102985533668495,0.4507914193206902
3.402276133933342,0.5791831165424489
5.189117464634603,0.7691453279613224
4.885841212215767,0.04934486059412413
3.8564868447951173,0.6185979762646828
3.654498587124532,0.9113801425646109
3.8186617887426526,0.5562180217457736
0.530460656584795,0.3935973223054857
4.818225603299034,0.48565369155869453
0.350526536391465,0.667507504774261
1.5033202780020705,0.8270212240555814
3.7292856450475167,0.15711189118470958
1.8632551108746709,0.7365112106500794
0.3033054059561207,0.26072035827876616
5.998386032558452,0.8584093012529833
1.5957673131837902,0.1959316925698853
2.315291117003502,0.8811709872408812
2.094290904131392,0.9320149967011855
3.9328590767752014,0.03586307487613749
5.562348218861922,0.2977469585928999
5.14774682798509,0.9752830270486031
4.33109460049159,0.45400741553717494
5.07846942366858,0.009331549073955836
0.8510924988648807,0.3147749954247313
2.275006115414635,0.16917850646407484
1.1575385815677914,0.6128522724573826
4.980875024007798,0.1704751963156771
5.476628540114253,0.6361950732406867
5.667063720423318,0.7233770626379329
2.0549160751148356,0.5148395172943089
0.6838245001640161,0.426554187026959
3.8693122797979114,0.12969600527188363
3.2324701994729867,0.3498069463773612
1.188974342820582,0.21255477723029748
4.150398893346566,0.1929782925801412
5.8840434367163255,0.4002670952595372
2.726968920153499,0.38701967299932916
5.097694237860729,0.9349499616660593
4.190663444533409,0.5374517908284802
2.2524175401328894,0.4077317092984343
0.24284866785549808,0.17966954663597634
4.61802576295597,0.04551754010356568
6.121234842153096,0.7440954273664564
3.8667940362612443,0.037158719001433194
5.1819492941962695,0.21786427779804618
1.7594335382192368,0.5522651571862149
2.331346055474859,0.21883875418359522
0.2901922538192323,0.8856910404491873
5.221052563242377,0.3930141841067585
3.811064128517292,0.09049847329355099
4.674795410660574,0.3105011494515435
4.624097461286414,0.35998772924636135
1.8785678018475742,0.6494776831166105
0.20875684997007868,0.333575244182435
3.1949750960610013,0.6068852777688758
4.824448923960653,0.17613263202742857
3.1634279134404797,0.2997735597475564
2.18144234850576,0.14579312794192134
3.2628713089359933,0.20291630649243686
0.12295807023457879,0.9703763237926526
2.520280143539497,0.24858868882446683
1.4451723786795996,0.7984481975361393
1.4198460737478642,0.6788554952856168
2.2527915043019764,0.5757153635974674
4.506587863580818,0.21078333702223095
3.240002858639944,0.6925681117790068
2.2908878238705523,0.9115893718320439
5.888741558298857,0.1190967137893898
1.8515003752290846,0.36658560447170796
0.27590494778275315,0.5417340756199428
1.7784982403291254,0.6213144203914168
3.252321426184083,0.6134221175585928
0.8655817002252121,0.5575555584055164
0.997865858128009,0.9340375339551964
5.999494482167264,0.8903875789086486
5.699196212393695,0.010413951486149986
4.816162328631801,0.2091423233074594
6.158372997445711,0.9953953444051128
0.9461775080075672,0.2000482810788663
3.5456622266207427,0.9276548076929011
2.209063998477226,0.3952201385167924
6.160954603458529,0.03136043204090633
1.951387350598534,0.17292900823496082
5.824643806659031,0.36133731517310086
1.819271020521688,0.7113450762004424
4.345578874861521,0.5234939084000394
4.005128802532583,0.11610910440083955
5.805225560499143,0.0009893959141454856
6.135025161298128,0.996803789324413
2.6766406496937982,0.49482996093306153
4.680572633154154,0.2759568966437128
6.088134952126276,0.8975614651077058
0.20535759463187825,0.08183582933282851
3.9236000051128315,0.17584843936127226
2.0292456758732254,0.1437681354748921
1.0414540395410166,0.3501999932102211
6.219747314536789,0.003938645311561517
5.361182683061561,0.7583536003460951
4.869466910117291,0.7751792827343658
3.067423614923738,0.969469811076044
0.8059645958935227,0.08725344286488668
2.6355679542194963,0.3005174289538537
0.6621130050384394,0.8483253961688656
1.5350096979264867,0.8713186715499153
1.370371097974592,0.8127564568590165
0.5534153888361806,0.47383180350233023
3.019368040156784,0.48341754564868533
0.9187653576214982,0.015049238862687164
4.751752256536531,0.8342383332858471
5.258017430207638,0.9749513369314985
0.0690622500566604,0.13694945753023646
5.897071525637593,0.3260738219910312
3.5040211272486514,0.6128000717692738
5.594542342584994,0.5374472846658644
0.7004975690978649,0.2288106337472282
1.5629468321490698,0.9593011088047492
4.922040110767746,0.051528544220016514
0.5090669653778468,0.35430225940193705
0.9956334285742445,0.27665130276459327
0.6746930534181003,0.7286368118196264
3.973141610863923,0.6782145067169641
3.4780747175649758,0.02687080428761157
1.5219276523548315,0.8999814862024619
2.0268355373879308,0.2159439490788998
3.042741482566703,0.7725269383574338
1.3364241603729101,0.6240796813766468
5.0906785010927935,0.8032158039696405
5.868239476190387,0.3827914967634931
3.6064744543888234,0.12969439020226325
1.7740574282692048,0.7711403060280266
5.155197152364104,0.5700261651871016
0.685710440052923,0.6158750241312798
5.355891138706938,0.9025425871911571
0.3183122250188346,0.08860781766552273
3.5087616210364163,0.6962284069896422
1.9039497805399028,0.9607569494830681
1.206511501578322,0.07676941397167125
3.2209989603530964,0.44844745659399876
5.797104891624214,0.7048400757501992
3.1740248489069898,0.23668311558746247
4.4161434997241855,0.08443536058043799
0.765651426633283,0.813984217936941
2.299377240434798,0.4975384994649792
6.020415698965829,0.17541639281089028
3.978614119691687,0.34840962300922573
2.2513060035307855,0.6636345331239122
5.829413790595769,0.4547236410873694
0.1484071180110915,0.16163635402010668
5.93436662314624,0.3862210421482297
0.9970963308135808,0.5652786339023275
1.0949318179664493,0.503598691749813
4.127399545322741,0.39571837628891726
2.9948127747973348,0.955230250528379
2.906231689790152,0.2281794481410151
3.529275509392149,0.6900084960803651
0.6196248581440144,0.4092048719846012
6.154757233162368,0.3690544956081311
5.193311718606876,0.1355170085133337
6.157052989236853,0.5992076753916035
3.730731702119373,0.6261364612986331
2.0764464547054815,0.24989242152381963
4.859998364194002,0.34937760762520054
0.42166676241079387,0.2901717915143699
4.890852100565637,0.851556653876615
1.4465724050023478,0.027123690486828944
4.350653084834295,0.015632560020063857
2.0513876232556303,0.03721155820336963
5.165320758768179,0.34406694631427304
2.4728699256700315,0.348515045420406
0.4410562540621164,0.3285301961594618
4.248592043761974,0.19088393421651195
5.034284903627791,0.6425014441288359
1.534954202332521,0.503998986007883
3.6951344316875003,0.16195483745770134
5.687939786615615,0.12397502351432854
1.5616801505331157,0.5526636589538169
2.128375092700447,0.8066504682654689
3.72340965310256,0.2599846358746958
1.2733781037788374,0.5388170611217118
1.4291051886261108,0.6003571266662996
1.166316607807707,0.8063766545885841
2.8391161274832157,0.8343158613225142
0.28608174082178356,0.24299547391247245
3.3659622486461847,0.13507930672306445
4.219666241937618,0.2658858576117463
6.26005143662952,0.04382925638719637
0.8897526615664026,0.8203375434271349
2.8132229050529065,0.3987303016301246
1.4121872446411925,0.8680015165244421
5.303345474155358,0.7956449557809103
6.102941940470041,0.6245440234963627
2.1765171423489695,0.6591966975302977
1.6472137624707288,0.10336574674167531
3.520588414890482,0.958437252210834
3.6469456518608663,0.3365420111242813
4.6415034900073,0.7838003604575741
5.134975580299515,0.4550418364746278
4.311279730351762,0.25529019357525673
4.12900157195266,0.5880602973439756
1.6172189882231023,0.7113924252690801
1.1189592231572023,0.454237058749156
1.481423961159687,0.010862868984663598
1.6780121951430176,0.2664824646645444
5.822198466478349,0.679779897925784
0.1754510077662354,0.6755008521467074
6.044237592526479,0.7575636955619941
4.316114233708859,0.2588958773193294
3.9745274865331783,0.8191608898019689
5.270406152545046,0.8783542706850898
5.946814756436714,0.7959766644200227
3.64843147376441,0.5720866347243363
2.638835318275804,0.5310629442847711
4.849004027334916,0.057897333200290224
4.921264173409847,0.013113032021869198
1.761119116163573,0.7150046631359863
4.81233986563979,0.3860106232303234
1.3234366887303655,0.3055423417721682
0.0542382156883986,0.0030118430246875993
5.767785061109136,0.17491326609951408
6.264238032151861,0.15961783299268395
0.9072348646209847,0.6959947522696791
4.419920846278158,0.9226217690858599
5.681931128429602,0.3848512930066976
3.6298887745233483,0.835436055902893
3.232993254389439,0.8238873603930865
4.0604936853693685,0.4174985192231191
4.125756907667956,0.8100884534862283
0.5492584514312001,0.700315471279158
5.592833586854008,0.13507499447590798
1.6965016882064567,0.04256664310833125
1.5715016940014617,0.7438186002406992
1.5294543560581229,0.4205464995151055
5.345806280514611,0.7929003229833298
3.8599751240618247,0.8123882610907243
1.6695641933525358,0.6667170302285979
2.095991951114428,0.28650278690790654
0.4069852322623431,0.923254388641816
2.880493984329363,0.5222670563791629
2.4839125982613046,0.11667608594627377
1.6673845928601732,0.19375990158570755
3.834763954081567,0.18503589417844346
2.1911665915746203,0.8132400806393602
4.096005862794527,0.4651953426472364
3.4636933861129307,0.1443642424388173
3.0364732048546763,0.02006770476636377
4.906748344210461,0.7876491803186569
0.7795569938117878,0.036674733540690396
1.2222401335686297,0.6824343622326662
6.000400916171056,0.1692478422307342
1.9492666565844219,0.052242167284590746
3.546479111978479,0.2569228247879677
3.8159732278290837,0.5222727697398555
0.243991021510045,0.6529572266785604
2.317662974066132,0.45361359677037993
3.8166687852918004,0.3861289154250125
5.252872337496965,0.12273077603830052
2.5805335860372187,0.16478058157706577
6.210536922953847,0.5680118883841703
1.3528219141157327,0.5468269049730535
0.16540756246858493,0.13637723371262567
0.32253345753967605,0.09947187876768093
6.1896390685248255,0.9077774200651504
4.62067569788973,0.6905467832379841
1.6694415395481659,0.303333760840375
2.538344700207451,0.6373041357901623
3.7741851529966794,0.4739572254076314
1.4483412435003429,0.9115947742327709
5.306210943562038,0.7848823977009283
3.830288302765542,0.8716357572670874
4.5191703000617425,0.45959237433786004
1.2846075358361928,0.9971310910270846
2.488496975279997,0.09677313952588407
1.813671268075407,0.5054747626467961
5.2472733480596965,0.5050034935015403
4.4209558133776365,0.27528108677610086
0.8853731250787035,0.630030535333159
0.5066147206233664,0.5497099435827715
2.2508359147948793,0.09882263752362985
4.8033593105143995,0.1615697989544993
4.6741961486390595,0.8459568727803491
5.397138701478857,0.48768365630235666
2.8331452722949764,0.6676407682094597
2.2972727584507644,0.4044680518968442
2.6862089562832643,0.4616795268760516
1.476204573122114,0.9922860544478967
2.958352849764601,0.4540051454919606
2.9082775995637213,0.5163491778136853
3.1778370402444196,0.8771687827653278
3.9364160623445357,0.36134118360768896
1.797389322304759,0.5275885353598138
0.8383027395418873,0.7909536596497346
1.500031632841313,0.7186907156185954
4.722418061017756,0.3766976662356212
0.26984088049227134,0.2866047600649483
5.421497576377227,0.9306469362702593
2.0735085375381255,0.5238210721546623
2.457367177427779,0.1507555199456021
2.3059642519924433,0.8422370616467593
4.784395456848895,0.12234943241418361
5.479507337279296,0.8241422678952414
2.6669061003951082,0.5590985685549652
2.736293304276472,0.8717860897017178
3.8205028525845406,0.9805465991347361
2.373136131681883,0.10245517080593802
4.354729527549827,0.4319873783692557
4.528620419472079,0.2726951436274373
4.289079170132512,0.6906369812556199
1.7782942219174234,0.9319461407336105
0.15380747761208763,0.15146631879358363
0.8231985496173325,0.4972117297418863
2.2319104920156128,0.7832665056316371
6.002350799294588,0.03875361958124024
5.880740967374804,0.23263350451860465
2.4404944333108993,0.799909556540522
0.5046605628381767,0.32976790033628056
3.59586586669898,0.363362167088802
5.221220058457018,0.15111757655582891
3.936143198595052,0.5036992231037491
5.338155491527432,0.46292885195498223
4.921801280963126,0.8788894954897708
1.2622700284488828,0.00729118406104734
4.955363739725632,0.048431488488485885
1.7360495572039294,0.48527208717872905
0.6603959889883815,0.9203890211626485
5.336119305594864,0.12059435410077057
0.864890998078328,0.8319887191361085
2.5356634251212062,0.7228706461993583
0.9419290752633074,0.11621100381909721
2.596710160102031,0.7758087836116818
2.2357124682347806,0.6061983908245949
3.4497712976975583,0.15647120830022332
0.44247990488072575,0.08270518585798681
4.531362860513182,0.3800152013108251
1.063156343530647,0.5871499748784743
4.434520666707958,0.5321745051087055
1.5016871194594672,0.41077071506935703
3.0591948664274002,0.3581665522195563
2.1993367117197113,0.7840200246812623
3.2305484214320823,0.23817455966823342
3.6773911513560904,0.5627102162456182
2.553304874279965,0.9729907732788662
0.5064151176189173,0.9129215237214908
1.7977986105314994,0.41552368182567323
2.403383167198583,0.1964269050871965
1.2927684268890034,0.4902272570138979
2.0757683729398653,0.7122193147008797
4.423598765087979,0.3583285142653462
1.4079106055639488,0.959733619173237
2.111825027097086,0.39602705700742113
0.8857199822259677,0.8221477188681409
0.4515576103598906,0.02153765990727552
1.1241778253727912,0.6156911255157702
1.7082475886919375,0.5391665780216276
0.9261522798143221,0.33951932323455136
2.2449131765684283,0.44703150787354917
6.067051206584333,0.7691613111361921
1.4968778147764186,0.46849859046444386
4.224417249704533,0.5286322372418686
0.015957501067115184,0.32215899910825485
6.051964168007492,0.378690824908512
0.6130474987523639,0.1354950699353441
0.1752805576332054,0.47134326420050077
4.652734238815054,0.38290464551896775
0.16320956225311406,0.45985527234275714
1.8821437537436507,0.11695364937314956
0.7462676990847251,0.3092120060761969
1.151935365670622,0.9340096184005934
4.504746312923782,0.10150646398203633
3.4825706715228133,0.6107966888465132
3.1704527782693837,0.982538418867973
2.10843843204299,0.9916470727473582
5.353443329427185,0.24325322969486185
1.250303082184833,0.6702124980565866
3.543111806533572,0.11415412061860875
6.189988412461012,0.5006912572393395
6.101335303519454,0.9825011694391901
0.2370094458314761,0.713200680349083
4.081109240344996,0.0816531077155298
2.376519059345109,0.10425237030018764
2.0864631724053004,0.02734778432930174
3.1565363878102577,0.028160459404355076
4.507559831335263,0.3604178654385576
5.965799922565773,0.9096363170160275
3.1579677155382413,0.7243799202117762
6.049342850814164,0.562318274445566
3.7848750678550136,0.144274096892419
2.9074169075706693,0.3331152263112189
4.423338886188187,0.68793331540801
0.18593986150262926,0.6735183591360796
4.719009912530688,0.4058014097640342
3.5110770426140605,0.7869987158005549
5.891805105646675,0.35238963772237186
3.1099716734631793,0.5909238363356026
2.4950438664974985,0.40331239481732806
4.362091566432985,0.2208342504475711
2.3816664899934348,0.655889784544964
0.6030692384695842,0.022470277260714044
4.715810957076683,0.04202432930970279
2.044095280877867,0.5579282894025547
0.21096521212627797,0.04758585223902778
2.414142597369196,0.0909570474392003
1.1974240959298068,0.40686695477463497
0.2585013273193058,0.9649616429010403
6.033471310057564,0.08223961531251411
4.641884760136264,0.34618675503464114
0.6290989100659911,0.32936655938629245
4.9695131232524,0.10216019113448971
6.172948991006415,0.3861359791555493
4.088863345640129,0.4627635207864734
0.02796791371209645,0.7168227048123706
0.20070889595832936,0.06837677096436068
2.220645347139539,0.8248499670869928
0.6238010761833084,0.5219937690519076
2.152741989116777,0.027606059034978703
5.507989761257939,0.9967608283355062
0.8907629458455837,0.6530405160172448
6.23775165087036,0.4440607936534191
0.5590367860047586,0.8828591193790668
1.237041674470066,0.17636244695365244
4.416183854743089,0.01436755530511813
2.1894484625141812,0.17231704362446953
6.189158558881217,0.05337474324223235
3.0991763477527696,0.4979035763477103
1.0172511040988728,0.07217211287128233
3.2382619583534673,0.7719104949837091
1.6159458254255716,0.23588955547585833
6.048471758628209,0.06254652865204124
0.32965133780652206,0.5833065113177057
4.339399779842776,0.45160459119142626
0.40025059516928735,0.9627209060241202
1.3148201861849889,0.28971786430202884
0.879499556999338,0.19428643743038854
3.1576449944390346,0.9705728969475547
5.159414440086557,0.9846600485458035
6.197403410953096,0.013609261854796606
4.4482034164045645,0.9622585164568123
3.168845664420773,0.28834113091174807
5.653100938831898,0.43346404274593875
4.970435761698838,0.01210338966732416
1.6587568433379527,0.8086358592712566
4.5120177511667166,0.5784791930775223
0.33719002819729543,0.6819236476918714
3.910477499392491,0.23908971165216053
3.888129722470591,0.8894526823237628
3.8193722265981043,0.430992004485669
6.23304469697441,0.9968151139885683
1.0787351864224983,0.9310235043308074
4.942021197854642,0.011432361283201797
5.85582039177987,0.9221564826172592
3.0904661508516362,0.5273749595753024
2.944111185155869,0.19772333752414895
6.023902405264382,0.9706281288389795
2.9110989107231626,0.38264619313848447
0.057097564664360355,0.6312821859986306
1.3869455003344622,0.8505767984210424
2.24331079085097,0.6102871329541211
2.5492477804129927,0.29629851555757203
0.771001761437807,0.11705935032196868
0.7219392502359641,0.42444116820494904
1.6252280740041227,0.39474275917820467
3.2923134816491353,0.07976775984885953
5.420594184578774,0.941901985028489
3.169468698292335,0.24376062598640347
1.0518568242958215,0.7706276565281925
5.565382298944164,0.04111725018655432
3.3250919176597855,0.10015197430716916
4.809924221386706,0.6687909936236259
4.272658324070367,0.45663703265930067
1.862436097612989,0.008771301716094304
2.2646805781363857,0.9666564796961356
2.6362672122336144,0.2917602340770099
1.9164360662428095,0.8237594430282014
2.920482659699866,0.6758611253779832
1.8683282665821177,0.2402740667956449
5.884716328992121,0.17457409380147582
2.1206565318001185,0.9349399378168793
3.846684347592175,0.08256002383489447
2.461889641137923,0.9932873727334572
1.8775378861873364,0.6799440335342644
2.588176593479667,0.8124293919335718
3.2440797789991693,0.6872536963712308
3.703377251969764,0.806148943466027
4.92669141654543,0.8112225195357943
3.816711109304776,0.09209223828568414
4.9188514005537725,0.5686071333133733
1.7689442161266888,0.9101239964582721
3.7571097390364763,0.3601673342989854
2.6852203928569387,0.09475846370844976
4.335370961787891,0.3872048954777978
5.176018656975859,0.5318588355465136
0.7097271399126108,0.2958480156515769
4.60966563587043,0.05042551485732716
6.243516085654399,0.7773873426977639
2.1002872077676393,0.7297000011619482
3.933213189826658,0.220174752559394
2.647783156292312,0.6131384457919618
2.5952297117887193,0.012941668718099764
3.8248019942242446,0.26182152738910347
2.2856040470142647,0.8503159962299621
3.6437836347427632,0.7430207844907893
5.748944127542863,0.36578911950181037
3.628344863353581,0.9495687463878159
1.1899440142214532,0.12375386048650416
5.317245484184668,0.8531956996346408
2.8916708932899997,0.6538682786617044
2.0553526958579065,0.3625198829552472
1.1217081452865605,0.2887149788004565
3.1063346408094024,0.17422592206328347
4.2367761138852025,0.19871950725247
0.2148256956971762,0.6497529998118229
3.1884716710531,0.7962645121301326
1.5336230513478986,0.9719724189420837
0.8117139743818756,0.543153487174934
4.356779340917623,0.6752042723808334
2.7463894610194957,0.001505993197711386
2.9194642408579483,0.9791056854563392
4.1728823478448085,0.37808942744377083
5.870333406886257,0.5171992609977163
1.1991978325325392,0.30553126043132584
4.920623027513313,0.02909534027224059
6.156273503935352,0.9106186533401377
5.022111625691953,0.5620088037514759
4.91153039851668,0.9184092146991
4.0443045278230345,0.31616897803433963
3.6888279501691663,0.6799168697874657
2.1418701369056343,0.3136504377774778
0.5769785329845741,0.757626760819972
3.096252217948695,0.851032764345131
2.4829837296776582,0.32425857813531433
2.3470916213799056,0.5477284033756319
1.5379402570706027,0.057595492957203676
5.167905305337752,0.8198121494180645
6.038446212686349,0.43236690897053676
6.058625120873974,0.8664214973866463
1.6004507337683525,0.950447822116151
5.8079567782463535,0.34001720917702427
3.0866802385009136,0.3376047557866996
2.761892956706796,0.47921060770776625
0.8324106478664426,0.7745205477379081
1.5818212300587589,0.4410011542459933
4.474277891781422,0.8941250975508489
1.3852197460006392,0.5532646734049171
2.542725004946511,0.7294595693950978
3.2169679465595356,0.613786245766918
4.020139289072561,0.10713639796600427
1.8419779078716825,0.5993291856147939
1.0470251923623959,0.12323956325290375
4.483473274914466,0.8310697629729529
6.078769058605465,0.9842702159673005
3.743509165047606,0.9693679557095396
2.8555330468388944,0.5213838553556525
2.5440129680582926,0.9083129362617562
3.1563176704216436,0.6750265741411872
2.342003725047118,0.4227335138518742
5.557560812839096,0.10045965981321026
0.18400857749142666,0.4941971402870471
5.147405925201603,0.4142502515446288
5.6159620576966365,0.04936620809097003
0.8154221828607113,0.9941939172107629
3.585168621732678,0.3937592427185763
1.5464175499178556,0.6299645096488258
1.4937895385595905,0.36697220735013913
2.7958216607549824,0.802680974444461
0.2784455107774992,0.38914922388907025
2.374251616693562,0.8563848179534478
5.875722172254139,0.08027992011039142
4.957633517022214,0.3334480132175168
2.2847591340415754,0.31897201921738483
2.56069205405129,0.07713474115129026
5.718048836158248,0.8575035965253711
1.650410942219847,0.4171757063692805
4.189334496240193,0.5661297014353327
1.232008018018417,0.5183996393689525
4.343623159573474,0.6662167381458103
5.205756781053871,0.50455132362543
2.2397969529535255,0.12072124301752585
2.8386845106483176,0.5264583688362238
1.114351504078847,0.19135271784687458
3.881381793923081,0.29100793541750625
5.3783589399043885,0.18404629365750058
4.996055558633815,0.6238240889775519
6.040587480308057,0.07411853367307475
2.722795156521394,0.15689751081632786
1.4654397937885293,0.2923303495761086
4.889573752266444,0.6495656181681128
1.477306945411479,0.315270618032621
0.8064449928814192,0.7958547828553417
0.6480259861443317,0.3919390711891637
0.5560965612267381,0.2749327640302951
4.078440050257935,0.0850786490172486
4.129973060894753,0.9988470391667945
0.4274239601025098,0.5090561692572707
0.9796637205606372,0.8325265124231375
5.860973891398097,0.951994247079201
0.41600413663369584,0.5119305017250638
3.771363997404841,0.20633584833600171
2.372898310529516,0.2754035483784475
5.3826245234962435,0.30348156445628904
3.223464804012773,0.6172652479633635
4.581803348403545,0.18743154334760415
3.776628470532597,0.6428406093354591
3.741738552987379,0.9775108758157307
0.658462248060017,0.03470243419414776
0.598365809683923,0.6803428958538841
5.582630124651455,0.23194227501782916
4.3716649162446295,0.7199532335797582
4.634696010786242,0.2809556582474031
1.5441143732624423,0.4638162684683991
3.8522598921772575,0.6267587229294873
2.514546291463742,0.02904625305799291
4.279610509990941,0.06939064801590067
0.8157910696171046,0.042674562111059355
6.001989732091845,0.8699931445349648
5.891177866181957,0.7779859494418261
6.212159367585517,0.8070689977798358
1.5047311640365213,0.4430265642304465
1.2974648489454303,0.2938895357535013
0.7057722930362786,0.6517841957622221
5.704787393434977,0.5336154762865069
5.274431328794537,0.4223916846278606
3.7638048343920003,0.4817339891426624
1.5854650055126025,0.7259420045106436
4.484703674295159,0.8649464169553023
4.5153538989536806,0.4633381661518515
1.1794262104582411,0.03489369419587274
4.941032110431553,0.42854587960983537
0.945602361634331,0.4312054649406811
0.6077292964194907,0.49740582937794
1.9497372919690763,0.23128451842551268
2.1337786217031964,0.6381946801511528
4.045899136460845,0.6216645086695154
0.2407737175568539,0.6277714240369312
5.795985914423119,0.13735538359353594
3.3696168655024517,0.5982469900661245
0.21290652917112632,0.1655044609309616
2.6856457465165806,0.9305372134037652
0.16572041931542045,0.8188715185707789
4.180703720699446,0.4719633564941592
3.203369903647388,0.0942629353010388
4.3016457590265365,0.5896635201187888
2.5908182779341633,0.20462204706020026
3.288077146145834,0.18372500843837747
1.9428482279521486,0.44685416307952563
0.4561929801446601,0.5056801622169267
2.694304602743517,0.7374520855359473
0.9667928203221215,0.04751961262044846
5.740336642106499,0.12794921781047464
4.70572548444756,0.8633247755610244
0.32513654285805543,0.6439204742318827
0.3721119596954999,0.27815741292802754
3.4144721274455323,0.720207977682483
2.768696135306019,0.24364591824984994
4.3472277438233,0.23065019766632533
2.5664727590075183,0.5834695645964563
1.151322386463434,0.8434015085753495
4.213929785161964,0.6564454405484632
5.239060794887637,0.9600262699642634
4.125825439388473,0.0783492618487468
4.354452261007746,0.6969303618896667
5.090000775631726,0.08919742883059423
1.1629454644358777,0.6714363497076845
2.399239214316506,0.6291512172486753
1.000311644319351,0.4619521671865494
1.0804497532149824,0.05531801618483523
2.0005228677270614,0.7884345013225971
5.913204363983513,0.40106427405908573
5.425188742679482,0.23261628517304045
4.349302942084328,0.32520993277310306
3.7044469923910737,0.422763406387904
5.493269788109736,0.7988814553324919
3.345569550524901,0.6740764197471387
5.625043159166892,0.6011984174553512
6.251273499612416,0.9068215042370871
5.786632501508363,0.6130806023148768
6.182181713684985,0.260000745437157
3.304766266849838,0.23248025117359827
4.232071411010611,0.6605568534766607
0.8619557663144628,0.8227407405610794
5.135882680818031,0.8187883807716451
3.0191515977444663,0.13615018434481252
5.530732897299302,0.5685554023939987
4.39565246296391,0.33390614553983566
4.408557363757858,0.6652546081929362
0.5124537711521047,0.09586091949460562
5.281066783512969,0.7033223935715327
2.20525963669876,0.47883080548887746
5.320396915854109,0.557066291729446
4.145134758296042,0.8561077823071113
2.3684875874691778,0.15080287933597047
6.183905438820556,0.6098142761353592
2.60535912603282,0.627183679001216
0.25342728084542376,0.12728187412503345
1.3035140336550477,0.37542788629547064
5.836202473493791,0.7047105808195372
5.877431372413943,0.21554786874025356
1.7649647012388152,0.9775866449890979
0.7010412114820346,0.4730713336687743
3.438185406445096,0.09126468031717383
4.609324454765274,0.36863348545340735
4.846111141578357,0.4862879082800816
3.38483867764879,0.8398773893817848
5.003054200216495,0.6027466443915845
0.7294889901089571,0.0405372047532363
4.836217500484814,0.49916300438479033
3.3390496194867905,0.19187852150105478
1.889223834208083,0.6738559942451349
0.16110627384233897,0.8213191011051882
0.7199557687609266,0.6891590640989448
1.6932069139767718,0.59512906989618
4.949826913991426,0.5537498825510593
1.7213557268117263,0.6085446172222438
0.7348440638307706,0.09505835466247448
3.820210181972187,0.206803216601819
4.367507127840791,0.4944982949365375
1.9137537415441623,0.937652881685815
3.8554582877756802,0.6154621658621295
3.157429256791805,0.6373781815045202
1.0807236058111396,0.41895090524936973
4.679571438006997,0.6631121807457886
5.2776251127555245,0.016265520023162616
6.152412161405304,0.6113973856450496
2.2027085195856397,0.252182674203434
6.119414026388966,0.009653076997310994
1.222712688465934,0.5776153399929974
4.86792084031165,0.4199148202653118
4.680665841090805,0.39145028528903025
1.335242623633535,0.9695346360918948
5.993952452738615,0.09359688418126666
2.05852025084492,0.19633609162068266
1.286681554346671,0.6357862619219029
3.413289421167115,0.5387243345287618
2.093915447392779,0.15901088400685937
6.111894843297098,0.6450564297242919
3.009655295030133,0.7341468376787037
3.7536000355651415,0.11010981921400986
0.5259724700432573,0.07307830346826583
1.2528435674754008,0.975199630753151
3.313728437265311,0.9200627510540934
6.206557237487156,0.6932692079255912
6.030546434798088,0.7975040422532932
6.035057123214044,0.4124280558851414
6.044643369146226,0.9207675136487328
0.4939036886956267,0.574711418265195
0.21435150348405804,0.8662194927020118
2.6827747275983884,0.29041806020820793
0.6429136305717148,0.12270753276210788
5.672667713831717,0.7715822315053199
2.462906222109768,0.14526202751067885
1.5313173525154216,0.1271023609661044
6.098786176648122,0.8975738595195747
4.730680608760039,0.1447258736241681
0.9578324153900541,0.26384105725874796
4.615761842529873,0.07395091311523205
0.6525642072918566,0.01217901456179371
4.193923845259889,0.5419069937594592
6.282075694470836,0.43468894805895597
0.3988190375215578,0.5205259149233167
0.518003012614803,0.5921854048412959
1.5998592564637666,0.043901207929137764
4.176623952420409,0.9880100717348226
3.640819168005047,0.5536500428604518
5.721277799859731,0.35832046668095363
2.4928154688896558,0.26461904788100465
2.4827899293729896,0.14509797793532975
3.970515223468774,0.2813772955342102
4.196268601742502,0.05243977602099659
6.039197998088156,0.24764098048747596
4.853479750888783,0.6785604863076578
0.41805134577378417,0.3419952515641479
4.4188266984910864,0.9712289332416444
4.691393114614784,0.7273335992681462
3.464444226699897,0.6993472268904299
5.816682321444106,0.03827314948548155
0.39166224612329453,0.46131179832564184
4.34618348910044,0.7973759996725082
0.7001641528197874,0.6743933629684589
2.4184762039259926,0.9940605972806484
3.900868479626694,0.7505135912254196
6.010504015934728,0.8379260813099473
4.273655128912111,0.6047112325040809
1.6614414922239626,0.37025234135443474
5.917925346726787,0.5850437079839605
3.254035154133042,0.19599791649642118
1.125950147778343,0.7799926704350001
5.948343988316498,0.3870464222312243
2.928846254395582,0.45849173455135717
1.260052651501096,0.006547353649225429
0.19339197798906493,0.5330029035745794
3.7592679984277244,0.3818464945840836
3.7189873489706993,0.7056959239676891
2.400132959693875,0.6589179554973297
0.9310059796453989,0.30986228225899204
0.4222516689614268,0.11473569546374551
5.852008966403276,0.3799506442860303
1.9132286569236279,0.5425513114987954
0.039296797870185946,0.2925774696265331
2.7081226948745294,0.11848617129447847
1.4592686392348713,0.059596261147150886
0.8422322177679712,0.436990041216882
1.524842087351,0.2561087121371348
2.075616927191383,0.8640131383769869
5.867517617354111,0.5636748852487778
1.765006522194783,0.770854843021594
1.799322682621641,0.9949308275258312
1.1124745354557128,0.26446545225308893
6.218962078771752,0.554315828462993
2.0736934515829812,0.8581257224911771
5.097977360020121,0.3610895243763712
6.252281910830825,0.8038376810023548
4.270258940300373,0.7714487883575069
0.7461288622576303,0.7877900064056335
3.648644619822502,0.490628716107506
0.8480248202194745,0.9559613816094602
0.822657441170279,0.041458613492062035
3.3932536546990084,0.47216178238057316
0.9840260185629056,0.5756928365249508
0.3613548642035086,0.2538100244978151
5.69840079696005,0.15483328489939396
5.026446458522148,0.9898162344175258
2.6933025223998506,0.08862671550748968
2.4344038387428153,0.43127808488158015
0.19093810856278937,0.030796844011674485
4.769149371890124,0.07250744101390116
4.534770782170373,0.15562817718400102
5.584209744327092,0.7324049584356522
3.0904707389462636,0.8717888436058642
4.705897213486226,0.47133297753787695
3.50552676122274,0.8159797468062449
1.8471265367275882,0.1296309337442001
2.9771847583037276,0.9055277434230918
5.708175244195106,0.19803887629079497
5.244982213666425,0.8514487168346294
0.40840650994349825,0.7292103297030289
3.3227048990091554,0.931111429483138
4.431654184108081,0.2388818429450018
4.613662241989053,0.37775656894738674
5.180820980440982,0.8680755899023928
1.758479745757695,0.6773839366590211
1.5231621735166363,0.7150212926107682
4.8554492719192845,0.6874736637077858
3.3654166428099885,0.9813996522622233
2.0939640788766183,0.8329168222298853
5.169516843273889,0.6006033709509275
4.58282609524284,0.6479230360329201
6.129510070754752,0.41149292556833517
2.1628269299186087,0.9465668450536825
4.405690342870124,0.0939452463672028
3.9046208056103993,0.6461843847154695
4.371949065795653,0.8530480731733159
5.9766000144943146,0.8867167735651955
3.3092470516607055,0.08858730028463901
2.5844955655018436,0.25059169638478795
0.5831244543051552,0.03250169828775007
4.074785634628104,0.17068938064640538
3.38023062717261,0.7792150262961632
3.391726699342711,0.20272456140511996
2.8306088950342048,0.32587389579012127
2.5155321115644034,0.3539118717363001
5.635776013016418,0.21239253159955662
1.0289613395259642,0.47228561373358824
5.612787994826772,0.4539453609912377
3.2471559053554158,0.7294612060084472
0.4964650365149108,0.07348732537091285
3.5218250529541693,0.09350708391763396
4.755808787610363,0.12095608698622307
2.231224359084251,0.9508955290016062
3.4616364263045254,0.319442749155043
1.7653076751308119,0.6043230798363814
2.134127210720881,0.7863001308339226
1.7241667933040226,0.18644574918935342
5.027019954923169,0.9139110199322276
1.252912847212997,0.7808198280676528
0.717824801800773,0.748735914395047
3.770715430989094,0.37562936083735354
4.966758452079047,0.8923832957195081
5.1037052793932665,0.6693526461768348
0.4475913916749084,0.4813285958843264
3.0762165755364568,0.32320401707998836
1.76122757246954,0.12551275955010033
4.344265161915441,0.9242068871246844
5.4952450705642475,0.38423485959583603
3.256622035140403,0.7751094063475042
6.0290140430220065,0.3738761654236169
3.5922607091584515,0.010446389460384897
5.26667319215718,0.8803029223467738
6.052521852027224,0.6254795822441739
1.7076718436019138,0.6026706588729737
0.5908767954549133,0.6286517214454252
1.3915490604335121,0.8475842326658538
4.307147904307468,0.5974020615492148
1.948164341948216,0.27370846581915287
0.2081576983693391,0.6523892309587841
4.4721646286507,0.02877889667095046
1.1652610713638085,0.6558759694755435
0.37634149856914445,0.42077551459807894
2.130481176294366,0.6229048611688283
1.5773745254004043,0.14889875238643313
3.3559726861346144,0.11952609139583159
5.323789693752162,0.967446569204275
5.2655084818688,0.3866482979151087
3.9450152491852704,0.6054271229732286
2.8439237671479276,0.7368379375068126
0.5119657722042914,0.47672497231169264
6.1341019176999385,0.34117666179840656
2.2761281208396755,0.5929117100897078
3.441699641288774,0.9881595223386543
1.3634575170296277,0.10925393593544364
0.39982038128606284,0.36478750467388277
4.625204367561879,0.28998115928354984
5.475470285689825,0.27537610108638744
1.34420384348839,0.41929647962379746
4.763546977649,0.6334511648938378
4.78331167362963,0.32227573703719625
1.4625071728552839,0.7938465075444451
2.9659152494359096,0.5039859139936357
0.06554125021735262,0.8006818395896852
5.177117608446386,0.8203225195132345
4.75522628794543,0.22322157415166222
4.927112585625846,0.95929254422971
4.375184245446997,0.8326198722425727
1.062441550563786,0.9438675930239899
5.2195142029116175,0.6948828911978246
5.349048715718712,0.01611012799559497
6.244518624922299,0.07586907717209479
0.8240691534621553,0.24631892965810587
3.0139379168389784,0.5499749169239692
3.639701041032377,0.6590505832545136
5.69712495636932,0.5827767352510073
0.9007356631750022,0.3033782168043304
5.640719574799533,0.46643922880242705
2.541254678319935,0.9649326722396487
0.3165898260429853,0.2110349848819255
4.411625061771114,0.3065589745067707
0.5815324319712447,0.5231283632794186
1.1396359830015224,0.7235149915081287
0.2533755455150497,0.2983768839630906
0.9835113086176758,0.46282634276950785
1.7126191112122506,0.9663044227455287
2.270282420518813,0.523949488692583
5.384894248333718,0.10920155117698771
5.952063130155182,0.3273644377162479
5.132903573980744,0.8527550570559214
4.020485279176609,0.2768582632147175
5.32999495905162,0.4435686902880538
2.3173680581848473,0.4652907924009895
5.4767978800224535,0.7249347450640411
4.683530814096244,0.2688995605761526
5.996485257559455,0.5175060826906396
1.510231869126527,0.7529966987113191
2.531005951118678,0.0230458761636394
3.70349378769609,0.9293521325354944
5.496842282181165,0.17562567310639654
1.4441908855673096,0.7053996027519236
2.2567554733298802,0.7651060028747917
6.272251101334264,0.3063689767891834
6.251155635754769,0.5967463429109688
2.919436148680791,0.44249428113699396
4.37952037952069,0.6884035397393289
0.3968939702977531,0.2766973743911466
5.4261464681610105,0.6239170465744674
3.3396529955490846,0.7435627296188844
1.0650369743686514,0.8633019460202985
1.7376855606124495,0.43567512816188314
2.3610674793560884,0.45850954434382074
5.362497453809775,0.35728588000841865
3.0622297973410744,0.335053921452354
5.754070705053496,0.46800613774817035
3.73449450071436,0.9185930109632763
5.252414305543916,0.2446365644586843
5.782390613450071,0.5536387758545641
1.2698260171149631,0.23765489506475412
5.641618451454975,0.23339917604437221
0.24028805233022693,0.1827547853252991
5.541528232997658,0.5959721587993099
3.639179867671929,0.015671241514582324
3.363002180847623,0.483214841820654
0.5547741326080391,0.06745019475750125
3.951129938540256,0.31919078423586544
2.932818848813717,0.5059326038188029
0.9447491913239174,0.6065820927105167
2.9412872849969918,0.5053118682878632
4.4292469801167735,0.9664672867418443
0.8184145853700475,0.49308264652048583
5.563763776516007,0.35856234101624496
4.1452561973365425,0.5694669088918949
2.1376093474843114,0.2359787858421719
6.1885651845492,0.4660112792823081
5.227471937910197,0.2755598890069817
3.228763094402158,0.7163421328644471
3.89880121777544,0.451240737698296
3.5615948382855946,0.24695037245014673
1.4234265845831329,0.1730131164564297
1.3408689066355788,0.16835967190766632
0.061798928934657535,0.2952891906337364
0.6907245649700846,0.36937571287784543
1.135975814216227,0.023388484352706573
4.686396856844701,0.786795864991213
3.1096056165603363,0.9310359561258642
4.592231504225933,0.8343955268243478
5.936831243836641,0.5879805568242024
3.5948103090738366,0.8466944689478172
1.5121070873273204,0.5242934676195875
4.274147986063097,0.7973862711380436
3.1308733301841833,0.7967220385539895
3.70980177318135,0.3050209830242886
1.4646466669866438,0.6647663466497958
4.279634866074289,0.05551249277006853
3.7123745121615612,0.420514761900584
3.519839750115005,0.03441244241493979
3.148953195554721,0.253101261735585
3.296471125564503,0.45435166497735135
3.311904393129397,0.7022016241181978
4.827780901718018,0.020996683763726764
0.3721270718141112,0.38931846997316055
2.1528992266525244,0.9935322260807622
1.2679455183633075,0.07200258866744225
2.7732289573409177,0.13995365095179402
3.0499615408399077,0.6234383999695383
0.7468401943406239,0.33288152333097365
5.3204779054093265,0.5388761296699424
5.527567620824508,0.763187652444021
0.36488209435829455,0.6448313596426766
3.662460535236809,0.9074109552119516
3.363085624530858,0.1412463933147815
5.358001771823172,0.7770396907344437
0.6322668411755333,0.47079825790448027
5.340395595908593,0.3600269448208768
3.660500688753688,0.6681875632108558
4.548738209290663,0.7191758650542184
1.1428171425101121,0.08880772684840488
2.924705680947947,0.5522633900938531
1.9960314487936872,0.8557681930730131
4.8032382748575895,0.8379111929960367
0.325943573546796,0.9260130967074509
0.7320667660280816,0.7535396064355561
4.693949696672688,0.44858151646937083
2.355035838911148,0.3024113122378339
0.15785423806049764,0.7406112780306994
0.9785580407367599,0.993778423726235
3.156094566475044,0.18648726626856482
6.18126112778103,0.015988091190159204
2.0194540547616744,0.8148419142122558
2.140527885800973,0.024902425616856072
5.655702655450274,0.8374237064497547
0.9239212657016391,0.4478661685143478
2.3871980313315855,0.09957909154011657
0.5459253127260316,0.05822897334395072
1.1685925310361989,0.23555791256218273
3.5845310805354784,0.30634457684614647
3.5349072342420897,0.9774152029722972
3.5914139786786916,0.9733032306308146
4.308481151989405,0.2729351294294512
0.7185680026752699,0.9624173718501998
4.194058982954831,0.008195984419264835
5.107924119010938,0.47625750834873626
3.4558248544424894,0.5038227502199933
2.302197027020207,0.9989630475852254
1.7515037344064266,0.2379392975693243
4.510042190704693,0.06674984891718505
5.798414212540888,0.05183879106684974
5.279615202994756,0.30677238807815554
5.334030328800203,0.6157711394518062
4.366370033081042,0.6262243777972426
6.0780854282632175,0.8223416094680457
4.248161437173841,0.9876621345301124
5.01987871927252,0.8880696679706493
4.519228824707535,0.19082487555426908
4.579749355461722,0.6813291235128461
6.187953836891079,0.17810670510499016
4.658285193153248,0.3553422284358272
2.7616207598229927,0.47720955459423964
2.593881074361562,0.47775665346856
1.2056267113332297,0.5872328788856453
5.780264293185785,0.6868172446492016
3.3131921219442146,0.32546497380910977
1.4092127953052171,0.1195983763091073
2.67458718061725,0.6653441649949093
0.1025004301921766,0.14504480140746556
3.9912578777818553,0.18005673636504782
5.552242588197336,0.07132390219879403
0.26892864255649734,0.03412142995834355
6.134661909867616,0.035463263342297435
4.749254490101659,0.2591431274938494
3.1624895419336774,0.033600422854066614
3.823060005890619,0.8371675199652545
4.147951843692869,0.6218485988479645
2.154540529292648,0.9524479079201321
2.958537542851513,0.7872477086896943
3.603103399122517,0.9615710920981114
4.937803372258993,0.4343948359928377
5.096978698411506,0.7415731186789268
4.320966090083609,0.108380906760141
3.600530677798263,0.993187534364525
2.6260886139074624,0.3237552718371578
5.396039090025779,0.061029548371454356
3.3732832290707617,0.4455239893303109
1.9753563958239426,0.6970733978721328
2.9200727290831447,0.10664005814239041
2.062199435196681,0.4840451653612531
6.282900389914309,0.0648102143254311
0.2780897039000677,0.3496807865347278
0.1725516751753069,0.5264523897758773
5.619919804306166,0.44147176836352764
4.578149168550617,0.3894265597838603
3.728612896556935,0.45544087595767535
3.3398014928331436,0.808982696429687
2.9929481114928107,0.9522783687895591
2.7782087839761553,0.11303613848617733
0.1503616622836885,0.7446322946420889
4.71684679124869,0.49646262754021175
5.843053534634937,0.4753816261745464
1.1409893053168412,0.015354272747902575
0.23351224424350076,0.6313449091415034
4.265105611531857,0.7237082460130726
3.8423826814684463,0.48727430043050235
1.0168536316988495,0.16453255481912432
0.33008890638041116,0.018234795001792148
1.0173801942519856,0.7835903514945743
2.56794474982687,0.8674892000100757
0.8879017519495433,0.29454058046534126
5.557509228353852,0.7923063269073162
5.873699918750395,0.9049926174016774
1.4348945317566144,0.7537999077763777
4.79379173184889,0.5012567011508716
0.0312266977257674,0.8962752304634091
3.8346998102380083,0.7978377131512253
2.198426288091197,0.2631065680563174
3.8801586056275585,0.39891484525988563
4.267594406325693,0.2757768172311077
4.102958361954574,0.3250076190883192
3.784811479071465,0.3460247116841402
1.882161176314384,0.04746459587790541
1.320679075911814,0.9003047373181317
1.202641592900631,0.5874459506158709
0.7684864378981844,0.4528077606496368
5.001485777566084,0.046854323944149456
2.1754157200396174,0.5180694680678486
2.2186065346073294,0.053011171213728225
4.7114100962705034,0.2877582720089723
5.713280913653825,0.5615429403818339
1.878396094022941,0.1930497746100458
1.198736797444703,0.16489894204366928
0.58685853197274,0.5303590984519679
1.0319807253249191,0.6986230159569184
6.155278119668819,0.010062510959639615
2.7801485674264215,0.5487265307470328
1.645993024893298,0.5830778489484136
5.620333296105907,0.15606595272323476
4.851140445484618,0.6524437142612717
0.19431114771337,0.1551890428551489
5.7143615774588765,0.5893837222704378
6.005024620983567,0.30246280367821665
1.375366308429103,0.5837451894388574
1.0834087159136945,0.16824348571771264
6.0299039890597825,0.7768371499570216
5.745306647929054,0.8819306392053222
2.1773492213201675,0.7949038698829262
5.435376081319067,0.6360052146011981
5.215760263950195,0.6200790725772055
2.356035619231271,0.035624922982154916
0.6984336831831442,0.6670808808227918
6.104201536788559,0.3528952621166783
3.0399893612361004,0.8311968786686228
5.362952234803366,0.8558529081945623
5.647584522929585,0.42744824700117967
2.009398837346491,0.8187586842146793
0.044946456748764255,0.3400297330755968
2.052155055683326,0.29671333218813667
2.667902859561791,0.20446379382465352
4.597106761308093,0.6896076461766507
0.507718326392514,0.18752411102071853
2.4710273212162357,0.9990034572512879
3.554604843199386,0.7674299900100426
0.7033545100803725,0.8884907295278733
2.678033019807581,0.9197290329038262
1.4371858631538281,0.104632898356948
2.882876121606649,0.7597450742180917
3.540119384759357,0.46990280629346426
5.553915114582134,0.9574969482833743
0.1601071040497815,0.9774527514631632
6.2810873506755724,0.15015180618587676
2.387316509677914,0.7231120418805912
2.5018437946166956,0.5627060471524489
2.8716742844271055,0.010552956682387538
6.094662055541228,0.607110339135917
3.650703699214151,0.5013075080995224
3.4912005771297236,0.9341447032382691
4.569332743757844,0.40846010189317317
1.0645815572829045,0.49682158746963856
4.827285427302282,0.38075338440854933
4.6369131173164675,0.5414622743743758
6.046932758535808,0.35681327273995644
3.7885096817287476,0.8342275591863368
3.271850993736336,0.30814540439391813
1.1066960230007683,0.4031026062244871
5.5406143087536375,0.3530718137343394
4.931288759246803,0.9958169177061029
3.1183268655191094,0.06045010616385349
3.8078495127241734,0.1734799094613514
2.2385539474904794,0.7208290294444821
1.9617523794370688,0.03759897209070284
6.078745270291028,0.11063397647924134
2.8803158859258517,0.3687566776976613
2.7566578031453255,0.7604976271895484
1.5868554657663736,0.18554886920960778
0.34920205277372046,0.8943573737688113
1.6661741554270053,0.16407914921080147
2.7668186046121646,0.8921116687877326
0.5312592705670782,0.9390123915212223
4.434387829199421,0.43951378755404547
3.0655436196768555,0.7255138589617558
6.2592038073647815,0.8819991079751276
5.292836537645398,0.4496259959296254
3.955253537969952,0.6670860927900598
0.03026029924692674,0.13052353270726125
0.8309910182248892,0.11471984984838313
5.740920159461291,0.9346675579708351
0.6323818118945329,0.44109820265204613
4.25427148354423,0.24356943585603485
2.496777974823616,0.5664571012918408
2.776909207205424,0.2873900296460794
5.360759996004186,0.5189296302125925
5.547821346547696,0.7841011247541448
3.5339143056474294,0.6481284478738408
5.35650007489035,0.5430237444960042
3.8549126172154016,0.8071997761981821
3.3794064806578743,0.2871649378396236
1.6815533093059412,0.6185469813901067
4.830696042359511,0.3665891786483251
4.687176696143304,0.6704557495173239
2.2313918082192736,0.29259445772708126
6.243236158151735,0.6763416920176345
2.853437543730476,0.005260209696665075
1.0677357515459496,0.9974677070494575
4.779569552512008,0.09110636195829236
0.48183238593774574,0.9641539755276077
2.8741174315711153,0.9241680256387877
4.321793083692882,0.7292337661103699
0.13876909891474012,0.8595273489862236
0.3460943342461034,0.36132133543012845
5.016966472136469,0.6601762715464325
2.640653737692102,0.9194058505817584
5.568881684608626,0.2734360595700799
4.757263200611679,0.6210871688007168
1.0199270078338747,0.17882296430238287
1.6885880279515983,0.8421177064780221
0.5434682701983342,0.8731430679989807
2.759375541354255,0.3456126764568924
3.1421729290599196,0.9187452559937286
5.568729315834556,0.5734296333838297
0.5211241742771252,0.16218966038190585
1.1599872125386979,0.7360248370708864
5.21732503257621,0.11456840389998535
1.6030290581640516,0.12980234905466326
2.758175607609288,0.8259033366523915
3.8472752667094308,0.9815079278254514
4.396530767596626,0.17643282114844816
2.710800479432792,0.5585302139333421
6.205835934153152,0.4685413777855336
1.445013278248722,0.7789372634917295
6.241769133963632,0.40913631587717814
0.0992507938708642,0.6825870197198413
5.342786214804362,0.19513616219902652
3.8236164277397355,0.8470108466671776
4.050234726522075,0.5173996120273379
1.7201928635229111,0.8114863535504077
3.99713258570086,0.30593052226799655
3.1153175387170853,0.10186326646287303
5.284759167447508,0.3309442373106982
5.6403059500894575,0.6662135499626489
2.578117177250322,0.24940790038598337
5.073319517977785,0.6739861112602279
5.028130651398119,0.9950739608276762
2.255156956713788,0.08904210693514047
5.382174358340539,0.8146530429730748
4.17367634601659,0.11275047991554843
0.9409317284735066,0.8403434023416274
0.4586174274667918,0.7767889431192031
1.3591173471194382,0.9281628615450302
3.9655329023360144,0.5247711275662875
0.35889145393822,0.6376059211321272
2.506981236327321,0.47799488553221936
3.811507744561857,0.6197272644519898
1.0181695574968912,0.19818808206574923
0.07146619447137016,0.31554513808705187
0.8084555603120016,0.948374786380433
2.0857924734621944,0.7186803642343507
1.1298571255954653,0.545645796948898
0.9496027870233116,0.8137198205948754
4.405833989179324,0.5007146576882642
2.1258037140417296,0.221125878714722
4.205649423733296,0.0272758598438938
5.881313720326443,0.09395199237692498
5.443750663393249,0.7529732164524219
4.3742447903597474,0.3367842969628194
2.6153437599068843,0.7030727033956425
3.980664883289962,0.6064015872714358
4.494206376679821,0.26989702732330445
3.5702178637330246,0.5763206513320331
0.31254085602816156,0.2903338004070356
4.626316176866038,0.540474080474962
4.292181254919577,0.7985702909772316
3.3644038646352796,0.7553314756868453
2.9803185932000615,0.15197967422063796
3.4823928499892403,0.012829257506248193
5.325036023162827,0.5018236102313537
2.100212157965478,0.5560750675440463
4.257883671312333,0.34581099482741484
2.7648596093227282,0.7575776165520981
1.8975876710257369,0.15372263889612292
5.454011397814951,0.09337433047108312
1.6049385069382611,0.5575503876257065
3.5176307218047054,0.8671572238177896
0.5603870195683828,0.6712758115088647
4.830823470951319,0.7114742329466927
1.3880226252467218,0.35470049813154403
4.010145218009774,0.053449212999582274
4.013544285245633,0.887686638306707
2.2597200320169755,0.021275501505007455
2.0452775685246736,0.12706567391540802
0.8202885373821552,0.29424598844114036
0.7905678126084432,0.5100092003504334
4.984350251691248,0.5126791486192939
5.037738981239364,0.10712553018339777
4.82752958495477,0.37464005821657387
5.265750537461296,0.5954347014484476
5.142255073948206,0.5385071927544696
0.4543393688253624,0.09342208081363845
4.867239979035334,0.39402495715047947
2.0645320225304995,0.5890248063629377
3.591297921963202,0.7120628070601415
1.6696497971092223,0.5824117179085666
2.6342490065209065,0.1416658091523727
3.398867344304355,0.33110461320358364
3.5401671837678954,0.3382496469691768
5.928708930745073,0.26123479873403743
3.759342723030825,0.5120097765360777
2.39058700137799,0.7025707417211546
3.785285190549586,0.08986861835115822
4.32572170075215,0.45481828895761467
0.8631545229199195,0.4926116154810549
4.055939672909585,0.9771083715669485
2.868496488952375,0.5846302335441217
3.4376440342029553,0.8434728825678567
4.866435837812423,0.029995197498605686
3.4175121917979103,0.3050085843333734
4.088137799750178,0.652631415603665
0.15970404543395175,0.2446684456130932
3.699711008386591,0.6847309520064431
3.0162091464579985,0.633798517514302
5.563371423545301,0.6337006706212185
0.46689526398474474,0.34697305308614146
2.124996732375094,0.3087088556876594
0.03696730270885136,0.6227257316862251
2.1649645656255143,0.4517392180581362
5.277813621413525,0.9208057629248215
3.5074274836277173,0.6829204015872344
6.125477248674532,0.4645732303068759
5.95140031186869,0.297492451863392
3.997478774238428,0.20716940046102306
3.2780191140672796,0.03633875134997777
2.3563368434490375,0.5032771538180031
0.618614848744932,0.18587833477386873
2.3394951766874317,0.45648488295268064
3.5242484077177125,0.905122297951279
0.702478121026673,0.3842049493814448
1.8142844838603036,0.2644126684461623
5.550215520955658,0.888793816570666
1.7598717386993838,0.12747770335367725
1.9057774807419443,0.04440992718118586
1.6512945372146168,0.6427019595763303
1.5695772380047472,0.5356433019143956
2.1219482277396735,0.331949992553609
4.939493241671373,0.922858917027989
0.7238159196793936,0.6802302515808083
4.5596279613363375,0.4256546519741591
4.001204317413641,0.16759870751466333
3.3535689742392294,0.15345229894232115
0.9686369777732841,0.21205917027355492
3.906168617433203,0.9384012353032066
0.22129045461355873,0.12249124181686111
0.247745263054015,0.31379146202102837
4.324659229804479,0.4287949191403627
0.20838459918482757,0.2062479749910221
4.630809131879229,0.3634591243123779
2.073239387237262,0.8843394896066266
5.9784401869684585,0.31830893423119677
0.8978184862772648,0.9786925785084452
1.445215177851762,0.005876741033714272
2.5868663856374714,0.6700757173883857
5.7259394554787475,0.20485691512697113
1.7960121631450585,0.6842310909914939
4.6724292603671485,0.4872072586348952
5.349172315521982,0.5814551937989663
1.0905234775037411,0.12975510052349415
3.5609542256187647,0.5116729871530641
0.4968645677280275,0.603147008290613
2.8428188474610225,0.8000911113601076
2.9126243391033233,0.22966790733776
2.7112232885090015,0.7109703566564369
6.192107166806922,0.9191477790486412
2.348142752913354,0.994535073779686
4.430899854536531,0.27279917707605994
1.1087474770814723,0.7587105440631765
3.914390587327558,0.25927160044596953
3.813356529730228,0.9386658265266071
3.7932275292249376,0.32983023502672015
3.16753252459298,0.2328420838551023
0.279198042816967,0.8462048083704942
1.2945361596614433,0.27266997115484204
5.4288804155844845,0.9612243420466888
4.434385728367002,0.8710850142523817
0.03310376284744326,0.7716133876939018
3.2478272046409447,0.4086306761615922
6.109961014170116,0.42904445389170076
3.1343219953195547,0.10614612352575747
2.136946570451008,0.4409570824736396
5.6470789656047335,0.25304499098409927
1.5227681229203096,0.5724551181445205
1.8229029869515863,0.5215300451398779
4.170606913856171,0.5295880532155843
5.4918008766576705,0.8293185789304839
4.774475363367562,0.8038485573321261
5.635312646152509,0.969264087549031
1.3983784694604715,0.6142534998948045
5.439726477728658,0.19855943896975614
1.7752749738794453,0.9227363542464724
2.1394890578999433,0.6526141878679803
4.876798672553248,0.1377481167860355
0.6731149075871579,0.5949117801827933
4.39892888961787,0.11080234442058823
6.246668312600916,0.6946885408907542
0.6167856860834386,0.30273603427460627
5.763665969458006,0.8406571109622588
6.158131848714771,0.17152754822284855
4.720333972290094,0.9628667883520132
5.9084105605788055,0.2879132936903961
3.0355977612362453,0.03670943814809369
4.069547919759764,0.60929617925121
1.179341098262653,0.5621634976914899
0.9686260713480432,0.5070259163830013
6.234351764171799,0.2552582147650615
5.316465410548495,0.6703796367386228
6.150315307929787,0.9720470767377344
3.956491758779694,0.2706347494128398
5.52635483817033,0.6087730737845282
5.791251191524534,0.6521346981288233
5.818270927284902,0.44365841447886745
5.806570423366374,0.7601618532068467
4.7609389568953295,0.6627059148831228
0.7815879148499612,0.09152321781094486
0.09920236980389255,0.38585898373858163
3.4831637424773123,0.33758840698967363
5.866132802965333,0.14276125647927573
3.3394783337243004,0.3027084053782394
2.952601215427197,0.059119643634532926
0.4424949105328375,0.11792867472744228
0.9758409371927935,0.29048741533101796
3.8443327832061054,0.06305196067791508
5.460391632086213,0.683324621017989
0.1251018388763192,0.6307153474845323
3.512378281875225,0.8781426724568782
3.4662521461868816,0.000987718210078592
4.781866930436986,0.875745028846827
1.9549034644358612,0.6784149724090036
1.0947287373639816,0.7636055572461855
4.959060376176085,0.33916175680892346
0.8471875155331874,0.684332078197601
4.851786680281916,0.6691690600356837
4.404259101318835,0.2945947513342817
4.398009059082806,0.3513137134518416
4.662802296292356,0.6128491757502129
3.3937140463798463,0.2506409415316847
4.483352063039408,0.010120939632451864
4.879850381010208,0.537941570144089
4.31263079862491,0.11166873498198826
3.9845712752461204,0.7107434197835638
0.9712561177774787,0.5327698101202072
4.228404435551152,0.07045854160690379
3.509335072975192,0.2464540022747963
4.075178964893399,0.8783292879045272
3.2086957503144857,0.47079240652107524
0.5941428808201012,0.9390936238405058
2.5534751822280155,0.9745635187009204
2.3634257944808903,0.939906150666643
0.8934340235605355,0.05385263374208127
1.6286681915469217,0.9498548862357107
2.7557102615072235,0.9729487106902197
2.8876767624252895,0.9932937576829429
5.44944971070905,0.7605837688344307
1.5035717608892791,0.36707512232838624
0.5836439589729113,0.25667593080498396
5.339120881296979,0.048390247936917374
1.9652009414589935,0.028094066120900596
2.905973589907794,0.9502818203652774
5.974930300832898,0.42805243426515394
5.29985423212322,0.23240794564006428
2.6728057820520164,0.04785386881797604
6.074693847464611,0.46104475413610346
5.985806195663251,0.8027706464266244
0.14565422294630997,0.8568087028119551
6.240603025146552,0.7302122322166831
5.560276243413971,0.013542543072459945
0.2579785556468581,0.011181826723677513
4.443203214001433,0.062255419174545246
3.2053494519621664,0.8759821554312477
4.63096358729431,0.10550914623994989
0.18178790083624807,0.001981950027159507
3.7028272351894644,0.3284624019144474
6.152202636580213,0.3117446580050124
0.3639513495159807,0.8980722611338581
3.798336550587166,0.47975227456669034
4.357297425795882,0.47594963727464057
1.3869158086268443,0.8367208987530802
3.932858074872696,0.5162860341265337
4.193579888735812,0.017720299289648245
0.682591247763468,0.982571254021175
4.873678862764716,0.45584275336027213
6.056443637598234,0.9098437792037709
0.2463070554754017,0.9856762588796276
5.517870100263342,0.7641872807728171
3.303859883995123,0.21557317870966253
2.2156987068572214,0.6554606864926046
3.8324155445922514,0.8252855272952928
5.807316875887868,0.47898720286195573
2.9950392970587645,0.535780449491754
2.9514229967894243,0.6416165662905967
2.8875948242671567,0.6609199428334875
0.2252255595904703,0.005041575862123171
2.3976726608512244,0.23926574983512827
1.5500476217807266,0.4542176760765734
5.785169087491397,0.9654261697795187
0.38937711904526123,0.8463060983511761
3.4325070278727634,0.932742234312497
0.40234548141497883,0.388357901136108
3.018456160899503,0.9946697153122562
3.878199792752258,0.5634733678289412
1.226937303850191,0.7672784982374427
5.529621283945222,0.9296699677601337
4.4770587434025915,0.06316866028807566
5.936484796062905,0.3436823216031937
0.4004889164442903,0.0489632743192715
1.4019616672944253,0.6434058768161499
4.296192777115902,0.7714910285282586
0.9666981275707431,0.09616298377078791
1.4474411394826667,0.467647276953729
6.101365761717548,0.02953242595581984
5.626579625187729,0.08528629342660099
4.275485397099395,0.8200298977917707
5.648761342985064,0.4658721133365261
3.904796994369254,0.28418586907248544
5.1730780308974005,0.06374664687621057
0.9446731426536348,0.514744237854315
0.2887823357268837,0.13123798755820182
1.9503595604708617,0.6313473445571303
4.435536619129778,0.564744673797072
1.2203728628173651,0.9090253987551249
3.958977763574391,0.30624937306306876
5.033506085737984,0.7107042077353177
4.380770880790018,0.36049749583068214
1.0337470947645986,0.9583449548412878
1.0691426300475129,0.23504833629654065
3.235130458829013,0.4038993828112124
5.278390663697625,0.5164690750885649
3.5349241106039293,0.9050584532725541
1.2787476410743224,0.9532625344541985
0.8825141880601741,0.8066888895975679
2.686463201100078,0.2393426258052921
1.4200364250574307,0.9411057758943642
5.847512353103073,0.022041511658402957
4.841963889246123,0.3883388470404554
3.371725389828595,0.04088303371776958
0.5079752510756393,0.374496661320072
0.15012550727663346,0.35582954955874524
0.841634247927224,0.42704764469006884
3.101112283609745,0.8883412279657958
5.93585549772564,0.9906764251434189
2.264931209659963,0.12690396439242502
5.317849481179056,0.39860061995550833
2.856765707421204,0.37001186170124856
6.067625385166183,0.22008665768250768
5.579012596067038,0.3361591237126582
4.44553783934345,0.8385073800999344
3.190533722124708,0.49923230742449953
0.3072836640697105,0.25298797141414076
5.226915570425315,0.7754445401002709
1.1430475756625775,0.3473120562236929
2.8083342083843195,0.6532212438722169
0.5960622487431324,0.3894989240232578
3.782848779422448,0.7979294566845092
5.219194457322999,0.9868151650457998
4.555492994481204,0.8189767082917222
2.7228050870103995,0.2842715439828458
3.5181309713733375,0.6845637860298412
3.016879650355517,0.4878021302208634
1.4672406783357614,0.7228632592771954
5.976556970986558,0.19974691923520715
3.8488577738536365,0.05359591645231643
2.603534993489105,0.14740336928301334
0.8651208905884117,0.13565438803661423
5.955344360305434,0.34881994606472755
2.2778342764671065,0.11579564415584931
1.082470506160195,0.30205963740864483
4.5625860441438375,0.6327677351584017
5.6795728569426585,0.21074881882427976
5.304424728572691,0.6124464800439583
2.0410764240339785,0.2475744600779196
3.970824813900632,0.848556904769094
2.077860237567227,0.17852665058630157
4.650436934726517,0.6767204122047584
2.6155721492354336,0.3108501927170473
5.611001933311891,0.7997176363201655
5.035113151685857,0.09962106594200959
3.7930864179706463,0.027406788554671824
3.584318582168528,0.239041292883155
6.252375456144341,0.09914019696846654
2.456991977551139,0.9346674608201004
6.232278436428787,0.9172045528538764
0.8474659967168314,0.7186659832562595
4.523667540059776,0.6098462120531539
3.8021815771321656,0.9659869044236021
0.8720174616765337,0.38020456382983947
3.286558295463257,0.07062663581082884
1.5160038600254557,0.9699653704098701
4.698817361778062,0.9838045857727767
3.1715831483736423,0.05581922110446491
2.426625457845994,0.2332299066294522
2.4325638800829967,0.7517195280586824
0.677557383175059,0.1871739474571319
2.8554108554769564,0.3435766815750979
1.1995423355594415,0.5249056353046959
5.478329258608367,0.5857486847732506
0.9178009671483296,0.06942890079250197
3.336626795175914,0.324525749966445
0.1671212063539725,0.8904258642806643
4.606106809405594,0.5997836207182508
5.363025786928191,0.12313027519221376
3.3899948898033325,0.20219630004662303
1.2442907210936018,0.851555482361062
4.2789477380657015,0.9088961162336161
1.1473874637635515,0.7599832409016046
0.4941534158214078,0.9320607933936493
0.22676735826830072,0.8511144245612984
3.3557703744554224,0.2459647551151346
2.064416935909501,0.2319670371121325
3.363911557359335,0.9707395857949755
3.747106182034912,0.73736741545518
3.6652478530989283,0.3676787866914857
4.33056144701675,0.26883845635428494
5.0615898643631905,0.8852370087681872
3.6657485363392843,0.954748153820952
6.040568619532042,0.32204785497537936
0.0014690382703353788,0.5311153317948148
1.3699337240760516,0.7858914296407807
5.505320708112216,0.8028963618087885
0.1431878624450093,0.5590175870562389
0.8463621567657724,0.29683805973984345
0.21846443697706225,0.32334126481308
3.9894712827515955,0.9517136884153292
0.6997532391644862,0.41802414254004383
3.3623804474154944,0.8965674125221484
2.847323075211164,0.20571728829382174
3.282225248250772,0.590534442884375
0.33368873953910927,0.8223111627040385
0.4407374609133805,0.6001573138021697
1.554997214974767,0.11759073026608147
5.339743250618211,0.9372404588245171
2.8932124176336846,0.8197087267034511
2.205683392433506,0.6813654214366542
4.504813275263556,0.2183199351273064
2.182356667625439,0.22387014311982834
0.283020804332287,0.22196912829536541
3.4963015372418718,0.48899164866138967
4.5298803497932605,0.415350271045938
0.603020730717117,0.4137315893825514
0.6836753636920474,0.0019909111903648746
3.184908563557501,0.8772705081614063
0.38863657795942985,0.25132140573154504
3.7451349754599432,0.2764484431099479
3.7264243818870577,0.6662192463469684
0.4290303083460523,0.8929115313404042
5.449877590741592,0.42717610858422084
4.449977472524948,0.9047136899472663
4.08188316121596,0.6107333201172216
1.191385128988371,0.0961183938219734
0.7045839105814501,0.4428123958640686
1.16684955132683,0.007591856149470111
4.929123396576506,0.3843292074398472
2.354861145351241,0.8508110281263173
0.058258752169382345,0.2772641642684156
5.073835758707612,0.7865392627711879
2.9877006025974913,0.5772553665008365
3.4313375732133973,0.3638251271079228
2.8663099240336343,0.9715573130728311
4.786006939925758,0.5126329840042716
6.127648098771387,0.6484007843499732
5.055192646878345,0.32768353516366655
3.6286818269244954,0.019960372044562358
6.238689572301237,0.7610517612161604
4.6377273657941815,0.33337321092136707
4.5362946810224845,0.17954617903935677
3.5052832477524363,0.5804215550678353
4.271165887604812,0.5649792375915663
3.841623197609696,0.8411942184297018
6.078433413186555,0.12775743953662722
4.41100951094291,0.9979204595767206
0.003298039571510141,0.07147739527805097
5.5356870092699,0.5375989310035795
4.495886918455793,0.7335383660186178
6.22174986692801,0.6665840882131526
2.801994852187337,0.303029509357577
2.7231622822875847,0.9896585971226136
3.438071224196502,0.06886372379176453
4.355479190826562,0.8463984772980926
0.6763944209533193,0.8369561351458591
4.774949986706842,0.4857354191939619
3.757778495847799,0.32122559427902453
4.606090575970384,0.1549990094985858
3.8777958010897917,0.8805581562680909
2.465525641742963,0.5846018054117443
4.022881144533698,0.6066579247247118
3.7289529194625866,0.014900558151589749
6.281869917062083,0.4648517976884138
2.7564196055226797,0.42456766113214517
1.195964412720345,0.09009313673301411
3.4555504132882855,0.39290014527861783
4.123994496984233,0.593264371073567
2.5831542977518263,0.4628181619969465
5.957242253633768,0.23944225067354774
2.478747563698727,0.6111427209886863
0.5706586448013306,0.8771981846048059
1.9131268632074048,0.13233505271150148
5.579334058583875,0.6596794807940816
4.543047783112236,0.1333051585636411
2.4869385562414585,0.7130972853001484
1.5102926118347453,0.49107741771903446
5.008948383181845,0.14697373754562126
5.160401069705944,0.9908840164720519
0.5436674826397214,0.06535604768726133
2.4790839653604375,0.4507958794217556
2.5188191254294026,0.50230186779787
4.2609943745583605,0.5049885880158558
2.3348332491804347,0.8714442414038006
3.1765331418097738,0.7964047208905863
3.7635168150366973,0.4701150144213784
1.4300119033523762,0.7426760799262107
0.755370879321432,0.9386420164839082
1.918810304938935,0.33587623605763595
0.8299681931600192,0.3176085396848499
2.593203484468541,0.8877278458416685
4.473030988802,0.7757404446303351
3.859806837848602,0.06561529058182725
6.005448231367975,0.7138412284665759
3.677250564688228,0.1678512104248494
6.196964415373607,0.3223573339010688
3.937541229106698,0.2292009043779477
5.104803214049936,0.5046395908607954
2.0736221445806,0.8911119999132128
0.35132795658249216,0.365682944158378
3.0267208057098514,0.6723713459211387
4.275346588554387,0.19722829927881214
2.0330885972188844,0.849947383662215
3.690680387507888,0.6582867397106179
3.5635602457525213,0.7244403587252959
1.7916568179602905,0.7281489906938342
4.665109249511901,0.5924910959982226
5.2514207738032495,0.439887148906443
0.6616993656963972,0.5043507771910847
0.10156478988087567,0.9135817919470117
3.8716267586280853,0.8988045321670307
2.3188756501055345,0.257608869293123
3.89270823760065,0.9636573288302531
4.7124714387471105,0.5619559134387646
1.8875945157113734,0.304616325593159
0.3824238553723159,0.6517175720501022
0.14691522287031286,0.9768746622420748
5.056695151469171,0.8491416671581025
4.654745044731467,0.02420905592541278
2.4561345302906172,0.3990055043797649
6.033490783121826,0.24699882194445866
5.70086121503683,0.5374056363519275
5.368550570899129,0.790169027354076
1.763207010123741,0.4318239769887996
2.58370493357611,0.7757043093328075
0.26102563072670015,0.9986686587210278
5.888623661993463,0.7083695978052043
3.0193595359561227,0.5823922148275394
4.0150013131007,0.29338295143418136
1.1925882089168294,0.16763520150054723
2.2570563678965003,0.9405028709246499
5.3832322313499334,0.4042621917356153
4.142253614674445,0.9555754672450468
5.148930544766468,0.21180180295277828
1.8571720800041145,0.8796016708027921
1.4912896048233888,0.9191980254222509
3.6366634260865514,0.713422440298873
0.7501313180151383,0.5873867340384641
3.8811058577398554,0.42202195760036754
1.5749403976807421,0.04630750723291188
6.119903897185245,0.051589140219290064
6.103566463721664,0.06491909618929037
2.447855132140285,0.09423830493781038
1.4965174463213533,0.5813563698152726
1.277001040480396,0.21464958675199264
4.394233218543179,0.706090874158913
4.879465432088276,0.271520605284738
0.45922217751699324,0.8675658104272979
0.2564124006491363,0.24596297270628775
5.812680068385634,0.07103200955748701
2.064899438629533,0.6240385568985788
4.028810160036701,0.8039624688289717
2.39645317101153,0.15455221884833648
4.0097457992855325,0.803860494809846
0.6353333439335817,0.026171902982999318
2.8736495162282143,0.5992012119096954
1.5768231533539787,0.3978697772655754
6.148213349978314,0.9602148359953341
0.5425738246346138,0.47959476565535164
4.550957615939276,0.3208184701403285
1.0524300517755665,0.6038901586930752
3.459116257873755,0.16733938432210216
3.4742804630514295,0.5340100839814925
4.603282001476063,0.2249053728251631
1.8131522684390942,0.14505031346002395
4.423728900023297,0.644113816807346
2.791692396321757,0.7000305772205834
2.287521284698185,0.42578987605442586
1.1338441848445773,0.5585630419544734
1.318311886991834,0.0913754595679539
5.505032082382474,0.8536743742665308
3.6940973945874256,0.6452450303610786
0.15403853455686675,0.028907058022122456
3.631933635186768,0.2357790034439301
1.8112960032416547,0.6697838953827194
1.4826161027871083,0.9151444080274322
4.276636676502927,0.32853453613318107
1.5908624632557338,0.7786911485752526
2.1620336928594166,0.275655624209007
1.2220185765863667,0.46503411321998533
3.9468156541760218,0.059869452188598515
4.611788441273983,0.20695965142488704
5.677326082089359,0.3949530257993369
4.155456199515004,0.09117234718111389
2.606940295758362,0.11532499063981505
4.330585302797192,0.5676971614899834
6.094353278582275,0.5159305875410396
0.8429154227685531,0.6207783071109191
1.3150099236001707,0.9832317648382219
6.075122411646157,0.3691543178746485
5.307196738418762,0.4948375481786438
4.834464535857839,0.3028299907678845
3.0607388618667284,0.4306153058856086
3.967050437294304,0.23171027813213319
4.3801063024911535,0.28033432621316245
0.6340003023954256,0.11569920486781426
1.3363821249473469,0.0319612232087082
5.692077911618687,0.05988150212064847
5.239252672174077,0.6717075454458643
4.27297467246954,0.9871947377009509
3.591909590620514,0.6188034822699494
1.571454076076773,0.4813208393865783
4.016087733435788,0.30041421243407884
6.218857165193565,0.2712536406573517
3.04784385882235,0.8046762440300826
4.998680846782721,0.8493052151869067
1.7533039131319954,0.31546927341350184
1.5776898461756481,0.97869192440459
3.8232559233991563,0.5563626504005315
2.7869883892844944,0.38343339836239665
5.5021023044977415,0.13274840736699944
3.4896307600441836,0.4581960771469641
4.70120518562401,0.7614728707451218
3.5718667716542685,0.6235917939704781
1.3905519884136786,0.5554977773742037
0.794682865548469,0.3342039847357817
3.8209339621751868,0.2074858645794081
6.171446708701252,0.5112360434919335
0.6932328815958266,0.44935392853192546
0.9685295085732617,0.004993276127946422
1.3713569089372804,0.687730294776172
1.422103705887309,0.5143822491412952
3.114409735413358,0.16435516040742215
5.999346032679556,0.13295188843393968
3.9699672948649147,0.8876869450301855
2.688060816970945,0.8148667582638296
1.5708052743963878,0.0959050857777225
0.7670423362427644,0.3157882893524716
4.745765635590059,0.9328866533148835
4.994070592169588,0.6233471412374899
1.5184341679955413,0.4649119565327109
4.219950674655137,0.8355370460767131
2.7729867211967827,0.07359541947395931
2.3670522444255955,0.20788671731058772
3.8834792602191874,0.5098672241984197
4.629315656569941,0.03262050176760567
5.496704158781998,0.6576445850558292
5.718671525839035,0.8947095122909756
3.8025873613649126,0.24075507514002192
4.329156426642104,0.3937016266339274
2.0792157693041644,0.7146808579514217
1.9107499738325813,0.7924346902468836
0.6015351926014221,0.38593033322458425
1.5343112323968293,0.11862073391348782
2.108524680992053,0.7416734673547476
5.141849266248082,0.01328228036514989
3.8404843346185173,0.07624855483629567
4.994513178138497,0.5984693140085429
4.292968213878033,0.41616912398748085
3.3165193498002874,0.8468358811489113
0.993385138552079,0.9193394881166864
0.9325174181076942,0.5754361803065655
1.351598306791818,0.5073964569476507
6.274853220707656,0.3831644791400989
4.088202165225387,0.6407980445067569
2.0451424809911996,0.27606224266347823
1.037643865502452,0.6568568912055799
4.3776572369826665,0.12922650541206526
4.0059672492487435,0.33399632948688307
5.351356784535705,0.1832937235848069
1.1766741426660259,0.18526397259805316
6.16986936539536,0.9901440563457101
3.7273548672766035,0.31009872402005745
4.620447372218233,0.9721759039663579
0.7060997772982209,0.23729263520876542
2.1122844726187933,0.18334239835164057
2.067115251342999,0.5366642494955188
5.650168841565916,0.88245534665491
0.3550992271097246,0.4621398624586416
0.6503444220075328,0.36974348965498305
1.4429062671588135,0.5705188858922886
4.480239137858569,0.9510057881231856
1.2784645974869007,0.4432697207416877
0.1612318362721059,0.5311571543052371
6.2335065744031715,0.6520076059480607
6.159854338800799,0.13258095669366532
3.758045896106677,0.027321930869781408
6.1843561379781065,0.40718470011597196
0.6957822405951515,0.3058969651281003
1.3991282101119649,0.9875792313132167
2.8031910647339546,0.4169600990535136
4.040525074682715,0.9531989675400335
0.5148812840162162,0.6814806373192195
0.612727706044403,0.10600879098775196
3.7563076894484575,0.4997242817474101
5.587404769323615,0.22404840506243273
2.4306120630595496,0.30448967745838895
2.2340898389779906,0.8485272532325417
3.8680107000876602,0.8992230026324718
4.336301295274494,0.895010879776214
5.891701660241894,0.6835725396814085
0.6283346919373498,0.9005619711132189
2.805950164863616,0.41055955564916924
0.8712934050267587,0.5174544496428044
3.584979856121517,0.2620696977638609
5.696844405913021,0.35363336206016305
5.432475031805443,0.06802806762476044
5.1591072437149235,0.13790029293599282
2.717206357283181,0.9796246552114098
2.23465590468633,0.9664475870501386
4.560151083831896,0.044073538201540585
0.07852016318398351,0.22089670127348526
2.0634048194151347,0.30755800763786245
0.748423373901348,0.10764368134044022
1.473917712721068,0.12259519496653193
5.013296003760142,0.47986315517449407
3.3126216589708815,0.4501403250544538
1.4657844237243125,0.853947244496612
3.4654508251583422,0.7295563037259094
4.476966804150849,0.6199475843529053
2.4981694187037524,0.027162953427675607
0.05847582874960079,0.16147533734086583
6.261178192700644,0.34738692884109923
5.039764006445063,0.959543944732328
5.663646087506662,0.27771232883909736
3.1749051868424103,0.7522325954867309
0.7872707821505633,0.7505052185778284
1.3757552576904037,0.48386362603381183
0.09470747947890422,0.7385545251963066
4.113522014914187,0.707000026623325
4.738239719303883,0.0044637301486804
2.4640463195812625,0.7761800213606235
5.054100139516105,0.01920448749590442
4.974010523164541,0.606309514207914
4.125703077066098,0.37678135332980334
0.9844500973050153,0.5761426616721379
0.6832915098522646,0.6254720565710005
4.230395153571159,0.2939288797745594
2.0655099872221983,0.14464715413044538
4.064841132740937,0.17638397988675858
4.371511037822167,0.7876483781775786
6.175422650776505,0.931749256967307
6.1845585161060725,0.4212277958309738
4.354457418385029,0.855875599141053
2.7336501024736544,0.520749628832674
5.539985823837576,0.8812987004148264
0.9709266261294948,0.8091256617351754
0.8971478420364877,0.5625611816525569
1.710314209660123,0.7302350434922676
0.9922207418729098,0.17863366969702577
3.3969124884432516,0.1011713913865333
1.0532112680448629,0.36881204619096686
1.8233295029358252,0.26029148500781574
0.6610119749434861,0.6179153492701664
4.670084497633665,0.010614392942861484
4.417053920864524,0.47135508693771466
3.48390802823801,0.4642760880359398
0.5305708791709413,0.13456715164691224
5.819584771280554,0.7297979184472847
2.443229638575028,0.3724046186913116
2.0133915604766868,0.27531350854998526
1.3447693792063131,0.5251270849880018
4.306838666937926,0.5041769676327224
1.5834285481883503,0.9120465354932252
1.7906808348217709,0.7439017109473024
2.7101001522659507,0.7314752102012199
6.0729459967526065,0.4139218257979074
6.2143703447452925,0.4399716298989431
2.0120442304228967,0.07337591541091903
3.727345185365565,0.7744639700413538
0.616316448134187,0.5973732079080201
5.395476633497002,0.5288691825034849
4.019261613991415,0.7339394674478927
3.1118395375839567,0.9471290051699887
3.699723570949135,0.498509434135626
2.4654061165116268,0.561885162426219
2.5084217065845764,0.13790682863665849
5.243061882187716,0.8326747331575773
1.2543961811998436,0.691743153806253
1.8698424485365526,0.7746346889806515
0.45411165685631144,0.13408395572912868
3.13768092812068,0.7047011030992426
5.922590443576503,0.6824176376418167
4.795138911597901,0.13932999295427284
2.3538528493043,0.05389568678715018
1.4055716272151173,0.26684059260734183
3.6553966696303095,0.4862363219305096
0.7544980105407952,0.530315177670567
6.080005703225918,0.6562098785856294
1.2080288365166332,0.4097696800431414
6.197298633026614,0.9004046602932289
0.07062265904106732,0.9766876548546605
3.995057189933686,0.9318734236345579
5.1938205528101555,0.18978748041850713
1.7844804323140118,0.5682826063477948
5.202550871090988,0.6306319271627209
2.261926343283195,0.8523755484697222
4.814882969910046,0.1007244011218873
3.6367202269688956,0.28610475818953796
3.1990212436268584,0.43652975205101807
3.713769417964975,0.48204291248432596
1.1873207566166648,0.9283770223844713
4.915762019021631,0.2921569869670847
4.027801835440219,0.40646371956992056
0.7826846049673534,0.7117352858407557
0.31939911295016343,0.7689573595532552
3.7901185940796083,0.2785550202709529
3.0590652355126005,0.5524623765018069
5.64793829874046,0.40697760098966806
0.8846624476808025,0.7133498491518531
3.057572506721684,0.6880544971624025
5.407446446504724,0.045219092596971544
4.740330596695093,0.2136948947214321
3.2355510293749985,0.8624581770549116
4.501815222156099,0.813950239736492
0.994136589296014,0.6613011086165695
3.612429772930813,0.18372359059753607
5.406305642829597,0.7990068350802807
0.20218727459131233,0.016545403436425743
0.18236419344543903,0.6798083483357897
2.300847333106459,0.4541370009379937
2.8702927260587887,0.17652561946774004
3.7916414200580912,0.9480964453590167
4.778869246539448,0.9998482667269055
3.035524223285589,0.7595306772984509
4.930264444986232,0.8735989115487277
4.077581347699643,0.9737826122829363
0.38697513643579395,0.07081163953624647
0.8393240727823685,0.02234672989196529
0.5026501589740261,0.8530151528206602
2.099628083273008,0.39315006716436385
2.174404301734935,0.05058885700600435
5.770094723069665,0.46968454215140376
3.4405187962950676,0.6863045873843957
4.671038500404592,0.8948544438238276
4.005979973746755,0.9308838645953504
0.8174484998867667,0.06808496565136746
4.063901748196215,0.5865299004866115
1.383297235092721,0.6617248949982314
0.14090433838169025,0.021355860665133508
3.3720450628152916,0.4470350256318737
1.2458982831958063,0.4470888774678814
4.098227803242272,0.8942785922692585
0.906611078455331,0.4420033256275121
4.398493040165975,0.10370688117258942
4.545567903390057,0.7766904462949554
4.419188775884771,0.7746294557665153
4.924567825715562,0.061131331905067254
6.000216996908095,0.28743662336556475
1.018244960763854,0.6338494694935183
1.9607312497085578,0.11894378116304616
5.724518375337539,0.7045995841884232
0.7901575853725907,0.2874926458390542
4.589861603351503,0.3061125567574777
1.2322738664640467,0.0032843958810993
1.645437357242911,0.6846247147985767
2.738034075672824,0.7736822260711189
0.961398199902986,0.008058505140547845
0.14624334339171935,0.06103673286781908
1.326185215135508,0.6929056393414885
3.5971397789042974,0.7103717240675956
5.796030343224213,0.05352793471167572
1.4809671481356068,0.3838790072747116
2.155043529018771,0.8643980500341191
4.335685490868998,0.7077758677889294
0.18711825416687936,0.606342680028852
3.2338240714585527,0.22053663650178512
2.3431533567146943,0.2180169382589161
1.030286801921291,0.5756335695131601
0.30899014139490033,0.2327020572098839
5.75321828120727,0.7258942957937269
0.5507001798965332,0.5695226768806877
5.397919137645335,0.7188435415667862
0.094469610019825,0.216366741001063
5.949250375936317,0.6988537695429469
0.8656382654243512,0.7793158427166665
1.3590283765339404,0.4222459316454805
0.0051464559505093625,0.29892769462289237
1.1631942807585967,0.29038897859258017
0.7490786068057295,0.9180901812194696
4.118690000320834,0.23527222216617993
2.544146495967738,0.7540579329139672
3.2535761160556436,0.5870783804877995
3.2733568265419737,0.6855413921555541
1.2793918191241078,0.6626518706736378
5.4287113437313685,0.11911910804078796
2.8343838902892244,0.31792735106966086
2.587609068044361,0.6853072626968502
3.2315419790405073,0.1335315907130552
1.4839165931541327,0.1659708213783524
